id,Last Modified,Start,End,MW Loss,Outage Block,GIP,Owner,Nature,Type,Duration,Planning Status,Generation type,Island
1988,2014-02-05 11:39:00,2014-03-31 07:00:00,2014-05-31 17:30:00,40.0,ROX_4,ROX,Contact Energy,0.0,continuous,5308200000000000,Confirmed,Hydro,SI
1990,2013-12-09 07:51:00,2014-07-28 07:00:00,2014-08-15 17:00:00,40.0,ROX_7,ROX,Contact Energy,0.0,continuous,1591200000000000,Tentative,Hydro,SI
2286,2014-02-05 11:40:00,2014-01-28 07:00:00,2014-03-07 18:00:00,350.0,TCC_1,SFD,Contact Energy,0.0,continuous,3322800000000000,Confirmed,Thermal,NI
2355,2014-01-23 16:23:00,2014-01-21 04:00:00,2014-01-21 22:00:00,51.0,PPI_1,PPI,Contact Energy,0.0,continuous,64800000000000,Cancelled,Geothermal,NI
2356,2014-01-10 11:55:00,2014-04-14 04:00:00,2014-05-22 22:00:00,40.0,OKI_Stn,OKI,Contact Energy,0.0,continuous,3348000000000000,Tentative,Geothermal,NI
2357,2013-12-09 07:51:00,2014-04-12 06:00:00,2014-04-18 18:00:00,5.0,WRK_Stn,WRK,Contact Energy,0.0,continuous,561600000000000,Confirmed,Geothermal,NI
2358,2013-12-09 07:51:00,2014-05-12 06:00:00,2014-05-18 18:00:00,5.0,WRK_16,WRK,Contact Energy,0.0,continuous,561600000000000,Confirmed,Geothermal,NI
2359,2013-12-09 07:51:00,2014-04-09 05:00:00,2014-04-11 18:00:00,1.0,WRK_16,WRK,Contact Energy,0.0,continuous,219600000000000,Confirmed,Geothermal,NI
2362,2013-12-09 07:51:00,2014-05-19 06:00:00,2014-05-28 18:00:00,2.0,WRK_16,WRK,Contact Energy,0.0,continuous,820800000000000,Confirmed,Geothermal,NI
2363,2013-12-09 07:51:00,2014-05-19 06:00:00,2014-05-23 18:00:00,1.0,WRK_Stn,WRK,Contact Energy,0.0,continuous,388800000000000,Confirmed,Geothermal,NI
2364,2013-12-09 07:51:00,2014-05-26 06:00:00,2014-05-30 18:00:00,1.0,WRK_Stn,WRK,Contact Energy,0.0,continuous,388800000000000,Confirmed,Geothermal,NI
2365,2014-01-10 11:55:00,2014-03-28 21:00:00,2014-04-06 17:00:00,100.0,SFD_21,SFD,Contact Energy,0.0,continuous,763200000000000,Tentative,Thermal,NI
2366,2014-01-10 11:55:00,2014-04-08 21:00:00,2014-04-17 17:00:00,100.0,SFD_22,SFD,Contact Energy,0.0,continuous,763200000000000,Tentative,Thermal,NI
2415,2013-12-14 14:50:00,2013-11-22 20:00:00,2013-12-10 20:00:00,365.0,OTC_Stn,OTA,Contact Energy,0.0,continuous,1555200000000000,Cancelled,Thermal,NI
2430,2014-02-05 11:39:00,2014-05-05 07:00:00,2014-05-05 17:00:00,35.0,CYD_1,CYD,Contact Energy,0.0,daily,36000000000000,Confirmed,Hydro,SI
2431,2014-02-04 15:53:00,2014-01-29 07:00:00,2014-01-29 17:30:00,108.0,CYD_2,CYD,Contact Energy,0.0,daily,37800000000000,Cancelled,Hydro,SI
2432,2014-02-05 11:39:00,2014-05-06 07:00:00,2014-05-06 17:00:00,35.0,CYD_2,CYD,Contact Energy,0.0,daily,36000000000000,Confirmed,Hydro,SI
2435,2014-02-05 11:39:00,2014-05-07 07:00:00,2014-05-07 17:00:00,35.0,CYD_3,CYD,Contact Energy,0.0,daily,36000000000000,Confirmed,Hydro,SI
2439,2013-12-09 07:51:00,2014-05-01 07:00:00,2014-05-01 17:00:00,35.0,CYD_4,CYD,Contact Energy,0.0,daily,36000000000000,Confirmed,Hydro,SI
2445,2014-02-05 11:39:00,2014-05-06 07:00:00,2014-05-06 17:00:00,40.0,ROX_1,ROX,Contact Energy,0.0,continuous,36000000000000,Confirmed,Hydro,SI
2450,2013-12-09 07:51:00,2014-05-21 07:00:00,2014-05-21 17:00:00,40.0,ROX_3,ROX,Contact Energy,0.0,continuous,36000000000000,Tentative,Hydro,SI
2455,2014-02-05 11:40:00,2014-02-03 07:00:00,2014-02-28 17:30:00,40.0,ROX_5,ROX,Contact Energy,0.0,continuous,2197800000000000,Confirmed,Hydro,SI
2458,2013-12-09 07:51:00,2014-06-10 07:00:00,2014-06-10 17:00:00,40.0,ROX_6,ROX,Contact Energy,0.0,continuous,36000000000000,Tentative,Hydro,SI
2465,2013-12-09 07:51:00,2014-04-10 07:00:00,2014-04-10 17:00:00,40.0,ROX_8,ROX,Contact Energy,0.0,continuous,36000000000000,Tentative,Hydro,SI
2466,2014-02-05 11:40:00,2014-04-01 07:00:00,2014-04-01 12:00:00,40.0,ROX_3,ROX,Contact Energy,0.0,continuous,18000000000000,Confirmed,Hydro,SI
2467,2014-02-05 11:40:00,2014-04-01 12:00:00,2014-04-01 17:00:00,40.0,ROX_5,ROX,Contact Energy,0.0,continuous,18000000000000,Confirmed,Hydro,SI
2468,2014-02-05 11:39:00,2014-04-09 07:00:00,2014-04-09 17:00:00,40.0,ROX_3,ROX,Contact Energy,0.0,continuous,36000000000000,Confirmed,Hydro,SI
2469,2014-02-05 11:39:00,2014-04-15 07:00:00,2014-04-15 17:00:00,40.0,ROX_3,ROX,Contact Energy,0.0,continuous,36000000000000,Confirmed,Hydro,SI
2470,2014-02-05 11:39:00,2014-04-16 07:00:00,2014-04-16 17:00:00,40.0,ROX_5,ROX,Contact Energy,0.0,continuous,36000000000000,Confirmed,Hydro,SI
2474,2014-02-05 11:39:00,2014-05-15 07:00:00,2014-05-15 17:00:00,40.0,ROX_3,ROX,Contact Energy,0.0,continuous,36000000000000,Confirmed,Hydro,SI
2475,2014-02-05 11:39:00,2014-05-16 07:00:00,2014-05-16 17:00:00,40.0,ROX_5,ROX,Contact Energy,0.0,continuous,36000000000000,Confirmed,Hydro,SI
2488,2014-02-05 11:39:00,2014-05-19 07:00:00,2014-06-07 17:00:00,40.0,ROX_8,ROX,Contact Energy,0.0,continuous,1677600000000000,Tentative,Hydro,SI
2538,2013-12-14 14:50:00,2013-11-04 23:59:00,2013-12-12 17:00:00,100.0,SFD_21,SFD,Contact Energy,0.0,continuous,3258060000000000,Cancelled,Thermal,NI
2621,2014-02-05 11:40:00,2014-02-01 00:01:00,2014-02-23 23:59:00,0.0,MAU_Stn,n/a,Contact Energy,0.0,continuous,1987080000000000,Confirmed,,
2636,2013-12-09 07:51:00,2014-06-06 07:00:00,2014-06-23 18:00:00,42.0,TRC_Stn,HAM,Contact Energy,0.0,continuous,1508400000000000,Confirmed,Thermal,NI
2770,2013-12-14 14:50:00,2013-12-10 07:00:00,2013-12-10 17:30:00,40.0,ROX_6,ROX,Contact Energy,0.0,continuous,37800000000000,Cancelled,Hydro,SI
2834,2014-02-05 11:39:00,2014-04-30 10:30:00,2014-04-30 11:30:00,40.0,ROX_1,ROX,Contact Energy,0.0,continuous,3600000000000,Confirmed,Hydro,SI
2835,2014-02-05 11:39:00,2014-05-01 10:30:00,2014-05-01 11:30:00,40.0,ROX_1,ROX,Contact Energy,0.0,continuous,3600000000000,Confirmed,Hydro,SI
2836,2014-02-05 11:39:00,2014-05-02 10:30:00,2014-05-02 11:30:00,40.0,ROX_1,ROX,Contact Energy,0.0,continuous,3600000000000,Confirmed,Hydro,SI
2837,2013-12-14 14:50:00,2013-12-12 06:30:00,2013-12-12 20:00:00,4.0,WRK_Stn,WRK,Contact Energy,0.0,continuous,48600000000000,Cancelled,Geothermal,NI
2846,2013-12-17 08:24:00,2013-12-16 08:00:00,2013-12-16 18:00:00,10.0,TAA_1,TAA,Contact Energy,0.0,continuous,36000000000000,Cancelled,Geothermal,NI
2853,2013-12-17 08:24:00,2013-12-18 07:00:00,2013-12-20 20:00:00,83.0,THI_1,THI,Contact Energy,0.0,continuous,219600000000000,Confirmed,Geothermal,NI
2863,2013-12-20 13:31:00,2013-12-19 01:30:00,2013-12-19 08:30:00,100.0,SFD_21,SFD,Contact Energy,0.0,continuous,25200000000000,Cancelled,Thermal,NI
2864,2014-01-23 16:23:00,2014-01-22 10:00:00,2014-01-26 17:00:00,100.0,SFD_21,SFD,Contact Energy,0.0,continuous,370800000000000,Confirmed,Thermal,NI
2865,2014-01-23 16:23:00,2014-01-22 10:00:00,2014-01-26 17:00:00,100.0,SFD_22,SFD,Contact Energy,0.0,continuous,370800000000000,Confirmed,Thermal,NI
2866,2013-12-20 13:31:00,2013-12-20 01:00:00,2013-12-20 07:30:00,100.0,SFD_21,SFD,Contact Energy,0.0,continuous,23400000000000,Confirmed,Thermal,NI
2867,2014-01-23 16:23:00,2014-01-20 06:30:00,2014-01-20 20:00:00,4.0,WRK_Stn,WRK,Contact Energy,0.0,continuous,48600000000000,Cancelled,Geothermal,NI
2868,2014-01-19 03:33:00,2014-01-14 06:30:00,2014-01-18 20:00:00,7.0,WRK_Stn,WRK,Contact Energy,0.0,continuous,394200000000000,Cancelled,Geothermal,NI
2869,2014-02-04 15:53:00,2014-01-28 06:30:00,2014-01-30 20:00:00,10.0,WRK_Stn,WRK,Contact Energy,0.0,continuous,221400000000000,Cancelled,Geothermal,NI
2871,2013-12-20 13:31:00,2013-12-21 01:00:00,2013-12-21 07:30:00,100.0,SFD_21,SFD,Contact Energy,0.0,continuous,23400000000000,Confirmed,Thermal,NI
2872,2014-01-09 16:59:00,2014-01-08 10:00:00,2014-01-08 18:30:00,100.0,SFD_21,SFD,Contact Energy,0.0,continuous,30600000000000,Cancelled,Thermal,NI
2873,2014-01-09 16:59:00,2014-01-09 10:00:00,2014-01-09 18:30:00,100.0,SFD_22,SFD,Contact Energy,0.0,continuous,30600000000000,Cancelled,Thermal,NI
2877,2014-01-19 03:33:00,2014-01-14 10:00:00,2014-01-14 20:00:00,25.0,WRK_13,WRK,Contact Energy,0.0,continuous,36000000000000,Cancelled,Geothermal,NI
2878,2014-02-05 11:39:00,2014-02-04 10:00:00,2014-02-04 18:00:00,10.0,WRK_4,WRK,Contact Energy,0.0,continuous,28800000000000,Cancelled,Geothermal,NI
2879,2014-02-05 11:40:00,2014-02-11 10:00:00,2014-02-11 20:00:00,5.0,WRK_8,WRK,Contact Energy,0.0,continuous,36000000000000,Confirmed,Geothermal,NI
2880,2014-01-09 16:59:00,2014-01-08 12:30:00,2014-01-11 20:00:00,20.0,OKI_Stn,OKI,Contact Energy,0.0,continuous,286200000000000,Confirmed,Geothermal,NI
2881,2014-01-23 16:23:00,2014-01-22 10:00:00,2014-01-22 14:00:00,10.0,TAA_Stn,TAA,Contact Energy,0.0,continuous,14400000000000,Cancelled,Geothermal,NI
2884,2014-01-23 16:23:00,2014-01-21 06:30:00,2014-01-21 12:30:00,100.0,SFD_21,SFD,Contact Energy,0.0,continuous,21600000000000,Cancelled,Thermal,NI
2885,2014-01-23 16:23:00,2014-01-21 06:30:00,2014-01-21 16:00:00,100.0,SFD_22,SFD,Contact Energy,0.0,continuous,34200000000000,Cancelled,Thermal,NI
2891,2014-01-23 16:23:00,2014-01-27 07:00:00,2014-01-27 07:30:00,156.0,WHI_Stn,WHI,Contact Energy,0.0,continuous,1800000000000,Confirmed,Thermal,NI
2892,2014-01-23 16:23:00,2014-01-27 18:30:00,2014-01-27 19:00:00,156.0,WHI_Stn,WHI,Contact Energy,0.0,continuous,1800000000000,Confirmed,Thermal,NI
2893,2014-02-04 15:53:00,2014-01-28 07:00:00,2014-01-28 07:30:00,156.0,WHI_Stn,WHI,Contact Energy,0.0,continuous,1800000000000,Cancelled,Thermal,NI
2894,2014-02-04 15:53:00,2014-01-28 18:30:00,2014-01-28 19:00:00,156.0,WHI_Stn,WHI,Contact Energy,0.0,continuous,1800000000000,Cancelled,Thermal,NI
2911,2014-02-05 11:40:00,2014-03-31 10:00:00,2014-03-31 18:00:00,10.0,WRK_1,WRK,Contact Energy,0.0,continuous,28800000000000,Confirmed,Geothermal,NI
39494,2013-10-21 11:37:00,2013-10-29 06:00:00,2014-04-24 18:00:00,26.5,OHK_1,OHK,Mighty River,0.0,continuous,15336000000000000,Confirmed,Hydro,NI
39499,2014-01-30 23:36:00,2014-01-13 07:00:00,2014-01-29 19:00:00,32.0,KPO_2,KPO,Mighty River,0.0,continuous,1425600000000000,Cancelled,Hydro,NI
39583,2013-07-10 11:37:00,2014-03-10 07:00:00,2014-03-11 19:00:00,35.2,MTI_5,MTI,Mighty River,0.0,continuous,129600000000000,Confirmed,Hydro,NI
41200,2013-12-12 23:36:00,2013-07-28 15:00:00,2013-12-11 21:00:00,24.0,ARI_6,ARI,Mighty River,0.0,continuous,11772000000000000,Cancelled,Hydro,NI
41254,2013-11-04 14:37:00,2014-04-29 09:00:00,2014-05-03 21:00:00,27.0,ARI_6,ARI,Mighty River,0.0,continuous,388800000000000,Confirmed,Hydro,NI
41527,2013-03-14 01:59:00,2014-03-13 07:00:00,2014-03-13 17:00:00,55.0,AVI1,AVI,Meridian,0.0,continuous,36000000000000,Confirmed,Hydro,SI
41551,2013-11-02 02:00:00,2014-02-18 07:00:00,2014-02-19 17:00:00,55.0,AVI2,AVI,Meridian,0.0,continuous,122400000000000,Confirmed,Hydro,SI
41552,2014-01-11 02:00:00,2014-01-06 07:00:00,2014-01-10 11:00:00,55.0,AVI3,AVI,Meridian,0.0,continuous,360000000000000,Confirmed,Hydro,SI
41612,2013-01-14 01:59:00,2014-01-13 08:00:00,2014-01-13 17:00:00,90.0,BEN1,BEN,Meridian,0.0,continuous,32400000000000,Confirmed,Hydro,SI
41613,2013-07-08 02:00:00,2014-07-07 08:00:00,2014-07-07 17:00:00,90.0,BEN1,BEN,Meridian,0.0,continuous,32400000000000,Confirmed,Hydro,SI
41620,2013-01-15 01:59:00,2014-01-14 08:00:00,2014-01-14 17:00:00,90.0,BEN2,BEN,Meridian,0.0,continuous,32400000000000,Confirmed,Hydro,SI
41621,2013-07-09 02:00:00,2014-07-08 08:00:00,2014-07-08 17:00:00,90.0,BEN2,BEN,Meridian,0.0,continuous,32400000000000,Confirmed,Hydro,SI
41628,2013-01-16 01:59:00,2014-01-15 08:00:00,2014-01-15 17:00:00,90.0,BEN3,BEN,Meridian,0.0,continuous,32400000000000,Confirmed,Hydro,SI
41636,2013-01-17 01:59:00,2014-01-16 08:00:00,2014-01-16 17:00:00,90.0,BEN5,BEN,Meridian,0.0,continuous,32400000000000,Confirmed,Hydro,SI
41637,2013-07-11 02:00:00,2014-07-10 08:00:00,2014-07-10 17:00:00,90.0,BEN5,BEN,Meridian,0.0,continuous,32400000000000,Confirmed,Hydro,SI
41644,2014-01-16 02:00:00,2014-01-17 06:00:00,2014-01-17 17:00:00,90.0,BEN6,BEN,Meridian,0.0,continuous,39600000000000,Confirmed,Hydro,SI
41645,2013-07-12 02:00:00,2014-07-11 08:00:00,2014-07-11 17:00:00,90.0,BEN6,BEN,Meridian,0.0,continuous,32400000000000,Confirmed,Hydro,SI
41654,2013-07-10 02:00:00,2014-07-09 08:00:00,2014-07-09 17:00:00,90.0,BEN4,BEN,Meridian,0.0,continuous,32400000000000,Confirmed,Hydro,SI
41656,2013-12-11 23:36:00,2013-12-10 09:00:00,2013-12-10 17:00:00,18.5,ATI_2,ATI,Mighty River,0.0,continuous,28800000000000,Cancelled,Hydro,NI
41657,2012-09-19 08:07:00,2013-12-11 11:00:00,2013-12-11 12:00:00,18.5,ATI_2,ATI,Mighty River,0.0,continuous,3600000000000,Tentative,Hydro,NI
41679,2013-04-04 11:36:00,2014-02-04 11:00:00,2014-02-04 12:00:00,18.5,ATI_4,ATI,Mighty River,0.0,continuous,3600000000000,Confirmed,Hydro,NI
41705,2013-05-13 02:00:00,2014-05-12 07:30:00,2014-05-13 16:00:00,15.0,WTK2,WTK,Meridian,0.0,continuous,117000000000000,Confirmed,Hydro,SI
41706,2013-08-11 02:00:00,2014-08-10 12:00:00,2014-08-10 17:00:00,15.0,WTK2,WTK,Meridian,0.0,continuous,18000000000000,Confirmed,Hydro,SI
41744,2013-11-20 02:00:00,2014-03-11 07:00:00,2014-03-11 15:00:00,15.0,WTK4,WTK,Meridian,0.0,continuous,28800000000000,Confirmed,Hydro,SI
41746,2013-08-12 02:00:00,2014-08-11 06:45:00,2014-08-11 12:00:00,15.0,WTK4,WTK,Meridian,0.0,continuous,18900000000000,Confirmed,Hydro,SI
41789,2013-08-13 02:00:00,2014-08-12 06:45:00,2014-08-12 12:00:00,15.0,WTK6,WTK,Meridian,0.0,continuous,18900000000000,Confirmed,Hydro,SI
41827,2013-12-13 02:00:00,2014-04-14 07:00:00,2014-04-30 18:30:00,15.0,WTK7,WTK,Meridian,0.0,continuous,1423800000000000,Confirmed,Hydro,SI
41829,2013-08-13 02:00:00,2014-08-12 12:00:00,2014-08-12 17:00:00,15.0,WTK7,WTK,Meridian,0.0,continuous,18000000000000,Confirmed,Hydro,SI
41895,2013-11-20 02:00:00,2014-02-11 07:00:00,2014-02-11 15:00:00,15.0,WTK5,WTK,Meridian,0.0,continuous,28800000000000,Confirmed,Hydro,SI
41896,2013-05-15 02:00:00,2014-05-14 07:30:00,2014-05-14 16:00:00,15.0,WTK5,WTK,Meridian,0.0,continuous,30600000000000,Confirmed,Hydro,SI
41897,2013-08-12 02:00:00,2014-08-11 12:00:00,2014-08-11 17:00:00,15.0,WTK5,WTK,Meridian,0.0,continuous,18000000000000,Confirmed,Hydro,SI
41947,2013-08-04 02:00:00,2014-08-03 06:45:00,2014-08-07 16:00:00,15.0,WTK1,WTK,Meridian,0.0,continuous,378900000000000,Confirmed,Hydro,SI
41951,2014-01-24 02:00:00,2014-03-10 07:00:00,2014-03-21 16:00:00,15.0,WTK2,WTK,Meridian,0.0,continuous,982800000000000,Confirmed,Hydro,SI
41956,2013-12-13 02:00:00,2014-05-19 06:00:00,2014-05-28 18:00:00,15.0,WTK4,WTK,Meridian,0.0,continuous,820800000000000,Confirmed,Hydro,SI
41963,2013-07-14 02:00:00,2014-07-13 06:00:00,2014-07-13 18:00:00,53.0,OHB10,OHB,Meridian,0.0,continuous,43200000000000,Confirmed,Hydro,SI
41968,2013-07-15 02:00:00,2014-07-14 06:30:00,2014-07-14 17:30:00,53.0,OHB11,OHB,Meridian,0.0,continuous,39600000000000,Confirmed,Hydro,SI
41973,2013-07-12 02:00:00,2014-07-11 06:00:00,2014-07-11 18:00:00,53.0,OHB8,OHB,Meridian,0.0,continuous,43200000000000,Confirmed,Hydro,SI
41978,2013-07-13 02:00:00,2014-07-12 06:00:00,2014-07-12 18:00:00,53.0,OHB9,OHB,Meridian,0.0,continuous,43200000000000,Confirmed,Hydro,SI
41985,2014-01-22 02:00:00,2014-02-10 06:00:00,2014-02-15 18:00:00,53.0,OHB10,OHB,Meridian,0.0,continuous,475200000000000,Confirmed,Hydro,SI
41989,2013-12-04 02:00:00,2014-01-14 06:00:00,2014-01-14 18:00:00,53.0,OHB11,OHB,Meridian,0.0,continuous,43200000000000,Confirmed,Hydro,SI
41993,2014-01-22 02:00:00,2014-01-22 06:00:00,2014-01-22 18:00:00,53.0,OHB8,OHB,Meridian,0.0,continuous,43200000000000,Confirmed,Hydro,SI
41999,2014-01-07 02:00:00,2014-01-16 06:00:00,2014-01-17 18:00:00,53.0,OHB9,OHB,Meridian,0.0,continuous,129600000000000,Confirmed,Hydro,SI
42004,2013-07-12 02:00:00,2014-07-11 06:00:00,2014-07-11 18:00:00,53.0,OHC12,OHC,Meridian,0.0,continuous,43200000000000,Confirmed,Hydro,SI
42009,2014-02-06 02:00:00,2014-04-07 06:00:00,2014-04-12 18:00:00,53.0,OHC12,OHC,Meridian,0.0,continuous,475200000000000,Confirmed,Hydro,SI
42013,2013-07-13 02:00:00,2014-07-12 06:00:00,2014-07-12 18:00:00,53.0,OHC13,OHC,Meridian,0.0,continuous,43200000000000,Confirmed,Hydro,SI
42017,2014-01-30 02:00:00,2014-02-13 08:00:00,2014-02-14 16:00:00,53.0,OHC13,OHC,Meridian,0.0,continuous,115200000000000,Confirmed,Hydro,SI
42034,2013-07-15 02:00:00,2014-07-14 06:00:00,2014-07-14 18:00:00,53.0,OHC15,OHC,Meridian,0.0,continuous,43200000000000,Confirmed,Hydro,SI
42037,2013-10-30 02:00:00,2014-01-27 06:00:00,2014-01-27 18:00:00,53.0,OHC15,OHC,Meridian,0.0,continuous,43200000000000,Confirmed,Hydro,SI
42226,2013-10-30 02:00:00,2014-02-10 06:00:00,2014-02-25 20:00:00,121.5,MAN2,MAN,Meridian,0.0,continuous,1346400000000000,Confirmed,Hydro,SI
42252,2013-08-08 02:00:00,2014-02-10 06:00:00,2014-03-02 20:00:00,121.5,MAN3,MAN,Meridian,0.0,continuous,1778400000000000,Confirmed,Hydro,SI
42273,2013-12-20 02:00:00,2014-03-03 06:00:00,2014-03-23 20:00:00,121.5,MAN6,MAN,Meridian,0.0,continuous,1778400000000000,Confirmed,Hydro,SI
42301,2013-12-20 02:00:00,2014-03-24 06:00:00,2014-04-15 20:00:00,121.5,MAN1,MAN,Meridian,0.0,continuous,1951200000000000,Confirmed,Hydro,SI
42325,2013-09-26 01:59:00,2014-01-20 06:00:00,2014-02-09 20:00:00,121.5,MAN3,MAN,Meridian,0.0,continuous,1778400000000000,Confirmed,Hydro,SI
42348,2013-05-09 02:00:00,2014-05-08 06:00:00,2014-05-09 20:00:00,121.5,MAN4,MAN,Meridian,0.0,continuous,136800000000000,Confirmed,Hydro,SI
42353,2013-12-05 02:00:00,2013-11-25 06:00:00,2013-12-16 20:00:00,121.5,MAN5,MAN,Meridian,0.0,continuous,1864800000000000,Confirmed,Hydro,SI
42378,2012-12-03 02:00:00,2013-12-02 06:00:00,2013-12-15 20:00:00,121.5,MAN7,MAN,Meridian,0.0,continuous,1173600000000000,Confirmed,Hydro,SI
42397,2013-08-09 02:00:00,2014-08-08 06:30:00,2014-08-08 17:30:00,66.0,OHA4,OHA,Meridian,0.0,continuous,39600000000000,Confirmed,Hydro,SI
42403,2014-01-25 02:00:00,2014-01-11 06:30:00,2014-01-28 16:30:00,66.0,OHA4,OHA,Meridian,0.0,continuous,1504800000000000,Confirmed,Hydro,SI
42409,2013-07-14 02:00:00,2014-07-13 06:30:00,2014-07-13 17:30:00,66.0,OHA5,OHA,Meridian,0.0,continuous,39600000000000,Confirmed,Hydro,SI
42411,2014-01-29 02:00:00,2014-01-29 06:00:00,2014-02-21 17:30:00,66.0,OHA5,OHA,Meridian,0.0,continuous,2028600000000000,Confirmed,Hydro,SI
42417,2013-10-17 02:00:00,2014-03-10 06:30:00,2014-03-10 17:30:00,66.0,OHA6,OHA,Meridian,0.0,continuous,39600000000000,Confirmed,Hydro,SI
42422,2013-07-14 02:00:00,2014-07-13 06:30:00,2014-07-15 17:30:00,66.0,OHA6,OHA,Meridian,0.0,continuous,212400000000000,Confirmed,Hydro,SI
44144,2014-02-02 23:37:00,2014-02-01 07:30:00,2014-02-01 16:30:00,26.0,ARA_1,ARA,Mighty River,0.0,continuous,32400000000000,Cancelled,Hydro,NI
44146,2014-02-02 23:37:00,2014-02-01 07:30:00,2014-02-01 16:30:00,26.0,ARA_3,ARA,Mighty River,0.0,continuous,32400000000000,Cancelled,Hydro,NI
44154,2014-01-25 23:37:00,2014-01-20 07:00:00,2014-01-24 16:00:00,18.5,ATI_3,ATI,Mighty River,0.0,continuous,378000000000000,Cancelled,Hydro,NI
44182,2014-02-08 23:36:00,2014-02-05 07:00:00,2014-02-07 16:00:00,35.2,MTI_6,MTI,Mighty River,0.0,continuous,205200000000000,Cancelled,Hydro,NI
44184,2013-09-21 11:36:00,2014-07-21 07:00:00,2014-09-09 19:00:00,35.2,MTI_8,MTI,Mighty River,0.0,continuous,4363200000000000,Confirmed,Hydro,NI
44185,2013-10-14 23:36:00,2013-10-21 07:00:00,2014-05-02 19:00:00,35.2,MTI_9,MTI,Mighty River,0.0,continuous,16718400000000000,Confirmed,Hydro,NI
44190,2013-12-15 23:37:00,2013-12-10 04:00:00,2013-12-14 13:00:00,100.0,KAG_1,KAW,Mighty River,0.0,continuous,378000000000000,Cancelled,Geothermal,NI
44213,2013-12-17 23:36:00,2013-12-02 07:00:00,2013-12-16 19:00:00,18.0,WPA_1,WPA,Mighty River,0.0,continuous,1252800000000000,Cancelled,Hydro,NI
44216,2014-01-20 23:37:00,2014-01-17 07:00:00,2014-01-19 19:00:00,18.0,WPA_1,WPA,Mighty River,0.0,continuous,216000000000000,Cancelled,Hydro,NI
44217,2014-01-20 23:37:00,2014-01-17 07:00:00,2014-01-19 19:00:00,18.0,WPA_2,WPA,Mighty River,0.0,continuous,216000000000000,Cancelled,Hydro,NI
44218,2014-01-20 11:36:00,2014-01-17 07:00:00,2014-01-19 09:00:00,18.0,WPA_3,WPA,Mighty River,0.0,continuous,180000000000000,Cancelled,Hydro,NI
44234,2014-01-30 11:37:00,2014-01-30 07:00:00,2014-01-31 19:00:00,32.0,KPO_1,KPO,Mighty River,0.0,continuous,129600000000000,Cancelled,Hydro,NI
44235,2013-10-31 11:37:00,2014-05-16 09:00:00,2014-05-16 15:00:00,32.0,KPO_1,KPO,Mighty River,0.0,continuous,21600000000000,Confirmed,Hydro,NI
44249,2013-11-27 23:36:00,2014-08-04 10:00:00,2014-08-04 16:00:00,32.0,KPO_2,KPO,Mighty River,0.0,continuous,21600000000000,Confirmed,Hydro,NI
44259,2013-12-18 23:36:00,2014-05-19 07:00:00,2014-06-10 19:00:00,32.0,KPO_3,KPO,Mighty River,0.0,continuous,1944000000000000,Confirmed,Hydro,NI
44260,2013-10-07 11:36:00,2014-08-07 10:00:00,2014-08-07 16:00:00,32.0,KPO_3,KPO,Mighty River,0.0,continuous,21600000000000,Confirmed,Hydro,NI
44262,2013-10-18 11:36:00,2014-06-19 10:00:00,2014-06-19 16:00:00,18.0,WPA_1,WPA,Mighty River,0.0,continuous,21600000000000,Confirmed,Hydro,NI
44272,2013-12-20 11:36:00,2014-05-21 07:00:00,2014-05-23 19:00:00,18.0,WPA_2,WPA,Mighty River,0.0,continuous,216000000000000,Confirmed,Hydro,NI
44274,2014-01-22 23:36:00,2014-02-19 10:00:00,2014-02-19 16:00:00,18.0,WPA_2,WPA,Mighty River,0.0,continuous,21600000000000,Confirmed,Hydro,NI
44284,2013-12-21 23:37:00,2013-12-20 09:00:00,2013-12-20 15:00:00,18.0,WPA_3,WPA,Mighty River,0.0,continuous,21600000000000,Cancelled,Hydro,NI
44285,2013-12-20 11:36:00,2014-06-11 07:00:00,2014-06-12 19:00:00,18.0,WPA_3,WPA,Mighty River,0.0,continuous,129600000000000,Confirmed,Hydro,NI
44286,2013-12-20 11:36:00,2014-03-19 10:00:00,2014-03-19 16:00:00,18.0,WPA_3,WPA,Mighty River,0.0,continuous,21600000000000,Confirmed,Hydro,NI
44291,2014-01-08 23:36:00,2014-01-07 11:00:00,2014-01-07 15:00:00,26.0,ARA_3,ARA,Mighty River,0.0,continuous,14400000000000,Cancelled,Hydro,NI
44292,2013-06-22 11:36:00,2014-04-22 07:00:00,2014-04-23 19:00:00,26.0,ARA_3,ARA,Mighty River,0.0,continuous,129600000000000,Confirmed,Hydro,NI
44293,2013-09-24 11:36:00,2014-07-24 11:00:00,2014-07-24 15:00:00,26.0,ARA_3,ARA,Mighty River,0.0,continuous,14400000000000,Confirmed,Hydro,NI
44317,2013-12-23 23:36:00,2014-07-17 09:00:00,2014-07-17 17:00:00,26.0,ARA_1,ARA,Mighty River,0.0,continuous,28800000000000,Confirmed,Hydro,NI
44318,2013-12-23 23:36:00,2014-04-22 10:00:00,2014-04-22 15:00:00,26.0,ARA_1,ARA,Mighty River,0.0,continuous,18000000000000,Confirmed,Hydro,NI
44328,2013-09-17 12:49:00,2014-07-17 10:00:00,2014-07-17 15:00:00,26.5,OHK_1,OHK,Mighty River,0.0,continuous,18000000000000,Confirmed,Hydro,NI
44341,2014-01-24 11:36:00,2014-05-12 07:00:00,2014-05-14 19:00:00,26.5,OHK_2,OHK,Mighty River,0.0,continuous,216000000000000,Confirmed,Hydro,NI
44349,2013-09-04 11:37:00,2014-07-04 10:00:00,2014-07-04 15:00:00,26.5,OHK_3,OHK,Mighty River,0.0,continuous,18000000000000,Confirmed,Hydro,NI
44373,2013-11-11 23:36:00,2014-07-22 11:00:00,2014-07-22 16:00:00,18.5,ATI_1,ATI,Mighty River,0.0,continuous,18000000000000,Confirmed,Hydro,NI
44455,2013-11-04 14:37:00,2014-06-10 08:00:00,2014-06-14 20:00:00,27.0,ARI_8,ARI,Mighty River,0.0,continuous,388800000000000,Confirmed,Hydro,NI
44481,2013-11-19 23:36:00,2014-05-26 07:00:00,2014-06-04 19:00:00,27.0,ARI_7,ARI,Mighty River,0.0,continuous,820800000000000,Confirmed,Hydro,NI
44503,2013-12-21 23:37:00,2013-12-18 07:00:00,2013-12-20 15:00:00,27.0,ARI_5,ARI,Mighty River,0.0,continuous,201600000000000,Cancelled,Hydro,NI
44506,2013-11-04 14:37:00,2014-06-16 08:00:00,2014-06-20 20:00:00,27.0,ARI_5,ARI,Mighty River,0.0,continuous,388800000000000,Confirmed,Hydro,NI
44525,2013-11-19 23:36:00,2014-03-04 07:00:00,2014-03-04 19:00:00,21.0,ARI_4,ARI,Mighty River,0.0,continuous,43200000000000,Confirmed,Hydro,NI
44562,2013-11-21 23:37:00,2014-03-12 07:00:00,2014-03-13 19:00:00,21.0,ARI_3,ARI,Mighty River,0.0,continuous,129600000000000,Confirmed,Hydro,NI
44563,2013-11-21 23:37:00,2014-06-03 09:00:00,2014-06-03 15:00:00,21.0,ARI_3,ARI,Mighty River,0.0,continuous,21600000000000,Confirmed,Hydro,NI
44564,2013-10-31 23:36:00,2014-07-03 09:00:00,2014-07-03 17:00:00,21.0,ARI_3,ARI,Mighty River,0.0,continuous,28800000000000,Confirmed,Hydro,NI
44598,2013-10-31 11:37:00,2014-03-17 07:00:00,2014-03-19 19:00:00,21.0,ARI_2,ARI,Mighty River,0.0,continuous,216000000000000,Confirmed,Hydro,NI
44599,2013-10-31 11:37:00,2014-06-23 10:00:00,2014-06-23 16:00:00,21.0,ARI_2,ARI,Mighty River,0.0,continuous,21600000000000,Confirmed,Hydro,NI
44645,2013-12-13 23:37:00,2013-12-12 08:00:00,2013-12-12 16:00:00,21.0,ARI_1,ARI,Mighty River,0.0,continuous,28800000000000,Cancelled,Hydro,NI
44646,2013-10-31 11:37:00,2014-03-10 10:00:00,2014-03-10 16:00:00,21.0,ARI_1,ARI,Mighty River,0.0,continuous,21600000000000,Confirmed,Hydro,NI
44647,2013-10-31 11:37:00,2014-06-10 07:00:00,2014-06-11 19:00:00,21.0,ARI_1,ARI,Mighty River,0.0,continuous,129600000000000,Confirmed,Hydro,NI
44692,2013-12-17 23:36:00,2014-04-24 10:00:00,2014-04-24 15:00:00,18.5,ATI_3,ATI,Mighty River,0.0,continuous,18000000000000,Confirmed,Hydro,NI
44705,2014-02-06 11:36:00,2014-02-05 09:00:00,2014-02-05 10:00:00,18.5,ATI_4,ATI,Mighty River,0.0,continuous,3600000000000,Cancelled,Hydro,NI
44717,2013-12-10 23:37:00,2013-11-18 07:00:00,2013-12-09 21:00:00,25.0,WKM_4,WKM,Mighty River,0.0,continuous,1864800000000000,Cancelled,Geothermal,NI
44718,2013-10-30 23:36:00,2014-06-04 09:00:00,2014-06-04 17:00:00,25.0,WKM_4,WKM,Mighty River,0.0,continuous,28800000000000,Confirmed,Geothermal,NI
44753,2013-10-09 23:36:00,2014-07-17 13:00:00,2014-07-17 14:00:00,25.0,WKM_1,WKM,Mighty River,0.0,continuous,3600000000000,Confirmed,Geothermal,NI
44771,2013-10-09 23:36:00,2014-07-28 09:00:00,2014-07-28 17:00:00,25.0,WKM_2,WKM,Mighty River,0.0,continuous,28800000000000,Confirmed,Geothermal,NI
44784,2014-01-30 23:36:00,2014-02-03 07:00:00,2014-02-19 19:00:00,25.0,WKM_3,WKM,Mighty River,0.0,continuous,1425600000000000,Confirmed,Geothermal,NI
44785,2013-10-30 23:36:00,2014-05-05 11:00:00,2014-05-05 12:00:00,25.0,WKM_3,WKM,Mighty River,0.0,continuous,3600000000000,Confirmed,Geothermal,NI
44787,2013-10-30 23:36:00,2014-08-05 09:00:00,2014-08-05 17:00:00,25.0,WKM_3,WKM,Mighty River,0.0,continuous,28800000000000,Confirmed,Geothermal,NI
44823,2014-01-22 23:36:00,2014-01-08 07:30:00,2014-01-21 19:30:00,35.2,MTI_1,MTI,Mighty River,0.0,continuous,1166400000000000,Cancelled,Hydro,NI
44824,2013-12-17 23:36:00,2014-04-14 10:00:00,2014-04-14 14:00:00,35.2,MTI_1,MTI,Mighty River,0.0,continuous,14400000000000,Confirmed,Hydro,NI
44825,2013-09-17 12:49:00,2014-07-17 08:00:00,2014-07-17 16:00:00,35.2,MTI_1,MTI,Mighty River,0.0,continuous,28800000000000,Confirmed,Hydro,NI
44833,2013-06-15 11:36:00,2014-04-15 07:00:00,2014-04-16 19:00:00,35.2,MTI_2,MTI,Mighty River,0.0,continuous,129600000000000,Confirmed,Hydro,NI
44835,2014-01-24 23:37:00,2014-01-23 10:00:00,2014-01-23 14:00:00,35.2,MTI_2,MTI,Mighty River,0.0,continuous,14400000000000,Cancelled,Hydro,NI
44849,2013-12-24 23:36:00,2013-12-23 08:00:00,2013-12-23 14:00:00,35.2,MTI_3,MTI,Mighty River,0.0,continuous,21600000000000,Cancelled,Hydro,NI
44850,2013-12-17 23:36:00,2014-06-23 09:00:00,2014-06-23 17:00:00,35.2,MTI_3,MTI,Mighty River,0.0,continuous,28800000000000,Confirmed,Hydro,NI
44876,2012-09-19 08:07:00,2013-12-02 07:00:00,2013-12-17 19:00:00,35.20000000000001,MTI_4,MTI,Mighty River,0.0,continuous,1339200000000000,Tentative,Hydro,NI
44877,2013-11-21 23:37:00,2014-02-24 10:00:00,2014-02-24 14:00:00,35.2,MTI_4,MTI,Mighty River,0.0,continuous,14400000000000,Confirmed,Hydro,NI
44889,2013-12-17 23:36:00,2013-12-16 10:00:00,2013-12-16 14:00:00,35.2,MTI_5,MTI,Mighty River,0.0,continuous,14400000000000,Cancelled,Hydro,NI
44890,2013-08-10 11:36:00,2014-06-10 10:00:00,2014-06-10 14:00:00,35.2,MTI_5,MTI,Mighty River,0.0,continuous,14400000000000,Confirmed,Hydro,NI
44891,2013-09-08 11:36:00,2014-07-08 09:00:00,2014-07-08 17:00:00,35.2,MTI_5,MTI,Mighty River,0.0,continuous,28800000000000,Confirmed,Hydro,NI
44910,2013-10-24 11:36:00,2014-05-14 11:00:00,2014-05-14 12:00:00,35.2,MTI_6,MTI,Mighty River,0.0,continuous,3600000000000,Confirmed,Hydro,NI
44925,2012-09-19 08:07:00,2013-12-13 08:00:00,2013-12-13 16:00:00,35.20000000000001,MTI_7,MTI,Mighty River,0.0,continuous,28800000000000,Tentative,Hydro,NI
44926,2013-05-10 23:36:00,2014-01-13 07:00:00,2014-03-04 19:00:00,35.2,MTI_7,MTI,Mighty River,0.0,continuous,4363200000000000,Confirmed,Hydro,NI
44928,2014-01-09 23:37:00,2014-08-12 08:00:00,2014-08-12 16:00:00,35.2,MTI_7,MTI,Mighty River,0.0,continuous,28800000000000,Confirmed,Hydro,NI
44970,2014-01-22 23:36:00,2014-01-21 11:00:00,2014-01-21 12:00:00,35.2,MTI_8,MTI,Mighty River,0.0,continuous,3600000000000,Cancelled,Hydro,NI
44971,2013-06-23 11:36:00,2014-04-23 09:00:00,2014-04-23 17:00:00,35.2,MTI_8,MTI,Mighty River,0.0,continuous,28800000000000,Confirmed,Hydro,NI
44986,2014-01-29 23:36:00,2014-08-01 11:00:00,2014-08-01 12:00:00,35.2,MTI_9,MTI,Mighty River,0.0,continuous,3600000000000,Confirmed,Hydro,NI
44996,2013-12-13 23:37:00,2013-12-12 09:00:00,2013-12-12 17:00:00,35.2,MTI_10,MTI,Mighty River,0.0,continuous,28800000000000,Cancelled,Hydro,NI
45003,2014-02-04 23:37:00,2014-05-26 07:00:00,2014-07-15 19:00:00,35.2,MTI_10,MTI,Mighty River,0.0,continuous,4363200000000000,Confirmed,Hydro,NI
45070,2014-01-07 23:36:00,2014-03-15 05:00:00,2014-03-21 16:00:00,16.0,RKA_10,WRK,Mighty River,0.0,continuous,558000000000000,Confirmed,Geothermal,NI
45074,2014-01-07 23:36:00,2014-03-15 05:00:00,2014-03-21 16:00:00,4.0,RKA_11,WRK,Mighty River,0.0,continuous,558000000000000,Confirmed,Geothermal,NI
45078,2014-01-07 23:36:00,2014-03-15 05:00:00,2014-03-21 16:00:00,4.0,RKA_12,WRK,Mighty River,0.0,continuous,558000000000000,Confirmed,Geothermal,NI
45082,2014-01-07 23:36:00,2014-03-15 05:00:00,2014-03-21 16:00:00,6.0,RKA_21,WRK,Mighty River,0.0,continuous,558000000000000,Confirmed,Geothermal,NI
45085,2014-01-07 23:36:00,2014-03-15 05:00:00,2014-03-21 16:00:00,4.0,RKA_1,WRK,Mighty River,0.0,continuous,558000000000000,Confirmed,Geothermal,NI
45090,2013-06-14 11:36:00,2014-04-14 06:00:00,2014-04-18 18:00:00,4.5,MOK_2,WKM,Mighty River,0.0,continuous,388800000000000,Confirmed,Geothermal,NI
45100,2013-06-07 11:36:00,2014-04-07 06:00:00,2014-04-11 18:00:00,4.5,MOK_1,WKM,Mighty River,0.0,continuous,388800000000000,Confirmed,Geothermal,NI
45136,2013-10-29 11:36:00,2014-06-09 06:00:00,2014-06-27 18:00:00,7.8,MOK_3,WKM,Mighty River,0.0,continuous,1598400000000000,Confirmed,Geothermal,NI
45148,2013-04-17 11:36:00,2014-02-17 06:00:00,2014-02-21 18:00:00,7.5,MOK_31,WKM,Mighty River,0.0,continuous,388800000000000,Confirmed,Geothermal,NI
45154,2013-04-24 11:36:00,2014-02-24 06:00:00,2014-03-09 18:00:00,7.5,MOK_32,WKM,Mighty River,0.0,continuous,1166400000000000,Confirmed,Geothermal,NI
45547,2014-01-10 23:37:00,2014-01-09 10:00:00,2014-01-09 15:00:00,26.5,OHK_3,OHK,Mighty River,0.0,continuous,18000000000000,Cancelled,Hydro,NI
45725,2013-12-13 11:36:00,2014-02-24 07:00:00,2014-04-11 19:00:00,25.0,WKM_1,WKM,Mighty River,0.0,continuous,4017600000000000,Confirmed,Geothermal,NI
45765,2014-01-22 23:36:00,2014-08-04 08:00:00,2014-08-18 20:00:00,26.5,OHK_1,OHK,Mighty River,0.0,continuous,1252800000000000,Confirmed,Hydro,NI
47565,2014-01-20 14:00:00,2014-02-03 06:00:00,2014-04-30 00:00:00,50.0,RPO5,RPO,Genesis,0.0,continuous,7408800000000000,Confirmed,Hydro,NI
47905,2014-01-12 23:36:00,2014-01-11 07:00:00,2014-01-11 20:30:00,27.0,ARI_6,ARI,Mighty River,0.0,continuous,48600000000000,Cancelled,Hydro,NI
47906,2014-01-12 23:36:00,2014-01-11 07:00:00,2014-01-11 20:30:00,27.0,ARI_7,ARI,Mighty River,0.0,continuous,48600000000000,Cancelled,Hydro,NI
47980,2014-01-30 23:36:00,2014-03-03 07:00:00,2014-03-14 19:00:00,21.0,ARI_1,ARI,Mighty River,0.0,continuous,993600000000000,Confirmed,Hydro,NI
47981,2014-01-30 23:36:00,2014-03-03 07:00:00,2014-03-14 19:00:00,21.0,ARI_2,ARI,Mighty River,0.0,continuous,993600000000000,Confirmed,Hydro,NI
47982,2014-01-30 23:36:00,2014-03-03 07:00:00,2014-03-14 19:00:00,21.0,ARI_3,ARI,Mighty River,0.0,continuous,993600000000000,Confirmed,Hydro,NI
47983,2014-01-30 23:36:00,2014-03-03 07:00:00,2014-03-14 19:00:00,21.0,ARI_4,ARI,Mighty River,0.0,continuous,993600000000000,Confirmed,Hydro,NI
48344,2013-11-19 23:36:00,2014-06-06 09:00:00,2014-06-06 17:00:00,21.0,ARI_4,ARI,Mighty River,0.0,continuous,28800000000000,Confirmed,Hydro,NI
48431,2012-09-19 08:07:00,2013-12-17 08:00:00,2013-12-17 10:30:00,25.0,WKM_1,WKM,Mighty River,0.0,continuous,9000000000000,Tentative,Geothermal,NI
48439,2012-09-19 08:07:00,2013-12-17 10:30:00,2013-12-17 13:00:00,25.0,WKM_2,WKM,Mighty River,0.0,continuous,9000000000000,Tentative,Geothermal,NI
48442,2013-11-28 14:21:00,2014-08-10 06:30:00,2014-08-10 18:00:00,25.2,TKA1,TKA,Genesis,0.0,continuous,41400000000000,Confirmed,Hydro,SI
48445,2013-06-22 13:43:00,2014-05-17 07:30:00,2014-05-17 16:00:00,80.0,TKB2,TKB,Genesis,0.0,continuous,30600000000000,Confirmed,Hydro,SI
48447,2012-09-19 08:07:00,2013-12-17 13:00:00,2013-12-17 15:30:00,25.0,WKM_3,WKM,Mighty River,0.0,continuous,9000000000000,Tentative,Geothermal,NI
48448,2012-10-24 14:05:00,2014-05-01 07:30:00,2014-05-01 16:00:00,80.0,TKB3,TKB,Genesis,0.0,continuous,30600000000000,Confirmed,Hydro,SI
48455,2012-09-19 08:07:00,2013-12-17 15:30:00,2013-12-17 18:00:00,25.0,WKM_4,WKM,Mighty River,0.0,continuous,9000000000000,Tentative,Geothermal,NI
48605,2014-01-30 23:37:00,2013-12-16 07:00:00,2014-01-29 19:00:00,25.0,WKM_2,WKM,Mighty River,0.0,continuous,3844800000000000,Cancelled,Geothermal,NI
48612,2014-01-29 23:36:00,2014-02-28 07:00:00,2014-02-28 18:00:00,32.0,KPO_3,KPO,Mighty River,0.0,continuous,39600000000000,Confirmed,Hydro,NI
48798,2013-11-28 14:21:00,2014-01-04 07:30:00,2014-05-29 16:00:00,25.2,TKA1,TKA,Genesis,0.0,continuous,12558600000000000,Confirmed,Hydro,SI
48799,2013-11-29 13:05:00,2014-01-07 05:30:00,2014-04-18 18:00:00,80.0,TKB2,TKB,Genesis,0.0,continuous,8771400000000000,Confirmed,Hydro,SI
48800,2013-12-04 10:37:00,2014-01-07 05:30:00,2014-03-17 18:00:00,80.0,TKB3,TKB,Genesis,0.0,continuous,6006600000000000,Confirmed,Hydro,SI
48992,2013-10-09 23:36:00,2014-04-22 13:00:00,2014-04-22 14:00:00,25.0,WKM_2,WKM,Mighty River,0.0,continuous,3600000000000,Confirmed,Geothermal,NI
49002,2013-12-09 23:36:00,2014-03-17 07:00:00,2014-03-23 19:00:00,35.2,MTI_3,MTI,Mighty River,0.0,continuous,561600000000000,Confirmed,Hydro,NI
49401,2014-01-22 23:36:00,2014-05-26 07:00:00,2014-06-04 19:00:00,26.5,OHK_4,OHK,Mighty River,0.0,continuous,820800000000000,Confirmed,Hydro,NI
49741,2013-06-03 11:36:00,2014-04-03 08:00:00,2014-04-03 16:00:00,26.5,OHK_3,OHK,Mighty River,0.0,continuous,28800000000000,Confirmed,Hydro,NI
49780,2013-09-07 11:36:00,2014-07-07 09:00:00,2014-07-07 17:00:00,35.2,MTI_8,MTI,Mighty River,0.0,continuous,28800000000000,Confirmed,Hydro,NI
49837,2013-10-03 11:36:00,2014-04-28 07:00:00,2014-06-17 19:00:00,18.5,ATI_2,ATI,Mighty River,0.0,continuous,4363200000000000,Confirmed,Hydro,NI
49928,2014-02-05 23:36:00,2014-02-07 07:00:00,2014-03-19 19:00:00,18.5,ATI_1,ATI,Mighty River,0.0,continuous,3499200000000000,Confirmed,Hydro,NI
49969,2012-09-19 08:07:00,2013-12-16 07:00:00,2013-12-17 19:00:00,26.0,ARI_8,ARI,Mighty River,0.0,continuous,129600000000000,Tentative,Hydro,NI
50283,2012-12-04 13:11:00,2013-02-10 00:00:00,2025-12-31 00:00:00,245.0,HLY3,HLY,Genesis,0.0,continuous,406684800000000000,Confirmed,Thermal,NI
50562,2013-11-27 23:36:00,2014-05-01 09:00:00,2014-05-01 15:00:00,32.0,KPO_2,KPO,Mighty River,0.0,continuous,21600000000000,Confirmed,Hydro,NI
50614,2014-02-02 23:37:00,2014-02-01 07:30:00,2014-02-01 16:30:00,26.0,ARA_2,ARA,Mighty River,0.0,continuous,32400000000000,Cancelled,Hydro,NI
50621,2013-07-12 11:36:00,2014-05-12 08:00:00,2014-05-12 16:00:00,26.0,ARA_2,ARA,Mighty River,0.0,continuous,28800000000000,Confirmed,Hydro,NI
50622,2013-12-23 23:36:00,2014-08-12 10:00:00,2014-08-12 14:00:00,26.0,ARA_2,ARA,Mighty River,0.0,continuous,14400000000000,Confirmed,Hydro,NI
50778,2013-01-30 13:52:00,2014-02-17 00:00:00,2014-03-10 00:00:00,60.0,TKU1,TKU,Genesis,0.0,continuous,1814400000000000,Confirmed,Hydro,NI
50842,2013-01-31 14:11:00,2014-03-17 00:00:00,2014-03-31 00:00:00,60.0,TKU2,TKU,Genesis,0.0,continuous,1209600000000000,Confirmed,Hydro,NI
50845,2013-01-31 14:11:00,2014-02-01 00:00:00,2014-02-15 00:00:00,20.0,TUI2,TUI,Genesis,0.0,continuous,1209600000000000,Confirmed,Hydro,NI
50846,2013-01-31 14:11:00,2014-03-01 00:00:00,2014-03-15 00:00:00,20.0,TUI3,TUI,Genesis,0.0,continuous,1209600000000000,Confirmed,Hydro,NI
50848,2013-12-27 12:51:00,2013-12-03 18:00:00,2013-12-20 00:00:00,60.0,RPO6,RPO,Genesis,0.0,continuous,1404000000000000,Cancelled,Hydro,NI
50849,2013-01-31 14:11:00,2014-03-01 00:00:00,2014-03-04 00:00:00,20.0,TUI1,TUI,Genesis,0.0,continuous,259200000000000,Confirmed,Hydro,NI
50862,2013-12-23 13:31:00,2013-11-20 00:00:00,2013-12-16 23:59:00,245.0,HLY4,HLY,Genesis,0.0,continuous,2332740000000000,Cancelled,Thermal,NI
50981,2014-02-05 13:43:00,2014-01-02 00:00:00,2014-02-04 16:30:00,245.0,HLY2,HLY,Genesis,0.0,continuous,2910600000000000,Confirmed,Thermal,NI
50993,2014-02-07 15:34:00,2014-04-29 09:00:00,2014-04-29 15:00:00,60.0,TKU3,TKU,Genesis,0.0,continuous,21600000000000,Confirmed,Hydro,NI
50994,2014-02-04 14:05:00,2014-02-25 09:00:00,2014-02-25 15:00:00,60.0,TKU4,TKU,Genesis,0.0,continuous,21600000000000,Confirmed,Hydro,NI
50995,2014-02-04 14:05:00,2014-02-11 09:00:00,2014-02-11 15:00:00,60.0,TKU1,TKU,Genesis,0.0,continuous,21600000000000,Confirmed,Hydro,NI
50996,2014-02-07 15:34:00,2014-03-04 09:00:00,2014-03-04 15:00:00,60.0,TKU2,TKU,Genesis,0.0,continuous,21600000000000,Confirmed,Hydro,NI
50997,2013-02-13 17:18:00,2014-05-15 07:00:00,2014-05-15 19:00:00,60.0,TKU3,TKU,Genesis,0.0,continuous,43200000000000,Confirmed,Hydro,NI
50998,2013-02-13 17:18:00,2014-05-22 07:00:00,2014-05-22 19:00:00,60.0,TKU4,TKU,Genesis,0.0,continuous,43200000000000,Confirmed,Hydro,NI
50999,2013-02-13 17:18:00,2014-06-19 07:00:00,2014-06-19 13:00:00,60.0,TKU1,TKU,Genesis,0.0,continuous,21600000000000,Confirmed,Hydro,NI
51000,2014-02-05 13:43:00,2014-01-29 09:00:00,2014-01-29 15:00:00,60.0,RPO6,RPO,Genesis,0.0,continuous,21600000000000,Cancelled,Hydro,NI
51001,2013-02-13 17:18:00,2014-05-08 07:00:00,2014-05-08 13:00:00,60.0,RPO6,RPO,Genesis,0.0,continuous,21600000000000,Confirmed,Hydro,NI
51002,2013-02-13 17:18:00,2014-06-05 07:00:00,2014-06-05 13:00:00,60.0,RPO5,RPO,Genesis,0.0,continuous,21600000000000,Confirmed,Hydro,NI
51082,2014-01-24 11:36:00,2014-06-09 07:30:00,2014-06-09 17:00:00,26.5,OHK_3,OHK,Mighty River,0.0,continuous,34200000000000,Confirmed,Hydro,NI
51088,2013-12-16 23:36:00,2014-07-16 07:30:00,2014-07-29 19:30:00,21.0,ARI_1,ARI,Mighty River,0.0,continuous,1166400000000000,Confirmed,Hydro,NI
51089,2013-12-16 23:36:00,2014-07-02 07:00:00,2014-07-15 19:00:00,21.0,ARI_2,ARI,Mighty River,0.0,continuous,1166400000000000,Confirmed,Hydro,NI
51158,2014-01-12 23:36:00,2014-01-11 07:00:00,2014-01-11 20:30:00,27.0,ARI_5,ARI,Mighty River,0.0,continuous,48600000000000,Cancelled,Hydro,NI
51239,2013-11-26 11:36:00,2014-03-24 09:00:00,2014-03-24 15:00:00,27.0,ARI_5,ARI,Mighty River,0.0,continuous,21600000000000,Confirmed,Hydro,NI
51245,2014-02-10 11:37:00,2014-02-12 10:00:00,2014-02-12 15:00:00,26.5,OHK_4,OHK,Mighty River,0.0,continuous,18000000000000,Confirmed,Hydro,NI
51307,2013-10-21 11:37:00,2014-05-05 07:00:00,2014-05-11 19:00:00,20.5,NTM_1,NAP,Mighty River,0.0,continuous,561600000000000,Confirmed,Geothermal,NI
51308,2013-10-21 11:37:00,2014-05-05 07:00:00,2014-05-11 19:00:00,20.5,NTM_2,NAP,Mighty River,0.0,continuous,561600000000000,Confirmed,Geothermal,NI
51309,2013-10-21 11:37:00,2014-05-05 07:00:00,2014-05-09 19:00:00,20.5,NTM_3,NAP,Mighty River,0.0,continuous,388800000000000,Confirmed,Geothermal,NI
51310,2013-10-21 11:37:00,2014-05-05 07:00:00,2014-05-09 19:00:00,20.5,NTM_4,NAP,Mighty River,0.0,continuous,388800000000000,Confirmed,Geothermal,NI
51317,2013-10-22 11:36:00,2014-02-03 07:30:00,2014-02-13 19:30:00,26.0,ARA_2,ARA,Mighty River,0.0,continuous,907200000000000,Confirmed,Hydro,NI
51340,2013-12-15 23:37:00,2013-12-12 07:30:00,2013-12-14 17:00:00,27.0,ARI_7,ARI,Mighty River,0.0,continuous,207000000000000,Cancelled,Hydro,NI
51356,2013-12-18 23:37:00,2013-12-17 08:00:00,2013-12-17 16:00:00,32.0,KPO_3,KPO,Mighty River,0.0,continuous,28800000000000,Cancelled,Hydro,NI
51402,2013-10-16 11:36:00,2013-06-25 05:23:00,2014-07-01 00:00:00,24.0,ARI_STN,ARI,Mighty River,0.0,continuous,32035020000000000,Confirmed,Hydro,NI
51406,2013-08-29 23:36:00,2014-03-07 11:00:00,2014-03-07 12:00:00,25.0,WKM_4,WKM,Mighty River,0.0,continuous,3600000000000,Confirmed,Geothermal,NI
51428,2014-01-11 23:37:00,2014-01-10 08:00:00,2014-01-10 16:00:00,26.5,OHK_2,OHK,Mighty River,0.0,continuous,28800000000000,Cancelled,Hydro,NI
51430,2013-12-13 23:37:00,2013-12-12 10:00:00,2013-12-12 15:00:00,26.5,OHK_3,OHK,Mighty River,0.0,continuous,18000000000000,Cancelled,Hydro,NI
51591,2013-08-08 23:36:00,2014-05-16 06:30:00,2014-05-16 18:00:00,18.5,ATI_2,ATI,Mighty River,0.0,continuous,41400000000000,Confirmed,Hydro,NI
51593,2013-08-08 23:36:00,2014-05-16 07:00:00,2014-05-16 17:00:00,26.5,OHK_1,OHK,Mighty River,0.0,continuous,36000000000000,Confirmed,Hydro,NI
51625,2013-10-11 11:36:00,2014-08-11 07:00:00,2014-08-16 19:00:00,20.5,NTM_3,NAP,Mighty River,0.0,continuous,475200000000000,Confirmed,Geothermal,NI
51626,2013-10-11 11:36:00,2014-08-11 07:00:00,2014-08-16 19:00:00,20.5,NTM_4,NAP,Mighty River,0.0,continuous,475200000000000,Confirmed,Geothermal,NI
51658,2013-09-03 23:36:00,2014-06-14 07:00:00,2014-06-14 18:00:00,26.5,OHK_4,OHK,Mighty River,0.0,continuous,39600000000000,Confirmed,Hydro,NI
51670,2014-01-06 23:36:00,2013-11-25 00:00:00,2014-03-17 16:00:00,45.0,SWN_1,SWN,Mighty River,0.0,continuous,9734400000000000,Confirmed,Thermal,NI
51672,2014-01-06 23:36:00,2013-11-28 13:00:00,2014-03-17 19:00:00,45.0,SWN_2,SWN,Mighty River,0.0,continuous,9439200000000000,Confirmed,Thermal,NI
51688,2014-01-24 02:00:00,2014-07-10 07:00:00,2014-08-29 18:00:00,55.0,AVI2,AVI,Meridian,0.0,continuous,4359600000000000,Confirmed,Hydro,SI
51690,2014-01-24 02:00:00,2014-01-21 07:00:00,2014-04-07 19:00:00,55.0,AVI4,AVI,Meridian,0.0,continuous,6609600000000000,Confirmed,Hydro,SI
51824,2013-12-18 23:37:00,2013-12-16 07:00:00,2013-12-17 19:00:00,27.0,ARI_8,ARI,Mighty River,0.0,continuous,129600000000000,Cancelled,Hydro,NI
51827,2013-12-19 23:37:00,2014-03-18 08:00:00,2014-03-18 16:00:00,18.0,WPA_1,WPA,Mighty River,0.0,continuous,28800000000000,Confirmed,Hydro,NI
51828,2013-12-17 23:37:00,2013-12-16 08:00:00,2013-12-16 17:00:00,21.0,ARI_2,ARI,Mighty River,0.0,continuous,32400000000000,Cancelled,Hydro,NI
51838,2014-01-21 23:36:00,2014-04-22 07:00:00,2014-05-20 19:00:00,25.0,WKM_4,WKM,Mighty River,0.0,continuous,2462400000000000,Confirmed,Geothermal,NI
51846,2014-02-06 23:37:00,2014-02-04 07:30:00,2014-02-05 15:30:00,27.0,ARI_6,ARI,Mighty River,0.0,continuous,115200000000000,Cancelled,Hydro,NI
51847,2014-01-12 23:36:00,2014-01-11 07:00:00,2014-01-11 20:30:00,21.0,ARI_1,ARI,Mighty River,0.0,continuous,48600000000000,Cancelled,Hydro,NI
51848,2014-01-12 23:36:00,2014-01-11 07:00:00,2014-01-11 20:30:00,21.0,ARI_2,ARI,Mighty River,0.0,continuous,48600000000000,Cancelled,Hydro,NI
51850,2014-01-12 23:36:00,2014-01-11 07:00:00,2014-01-11 20:30:00,21.0,ARI_3,ARI,Mighty River,0.0,continuous,48600000000000,Cancelled,Hydro,NI
51851,2014-01-12 23:36:00,2014-01-11 07:00:00,2014-01-11 20:30:00,21.0,ARI_4,ARI,Mighty River,0.0,continuous,48600000000000,Cancelled,Hydro,NI
51859,2013-11-14 23:36:00,2014-06-17 07:00:00,2014-06-18 19:00:00,18.5,ATI_3,ATI,Mighty River,0.0,continuous,129600000000000,Confirmed,Hydro,NI
51862,2013-11-11 23:36:00,2014-08-05 09:00:00,2014-08-05 17:00:00,18.5,ATI_4,ATI,Mighty River,0.0,continuous,28800000000000,Confirmed,Hydro,NI
51868,2013-12-19 23:37:00,2013-11-11 07:30:00,2013-12-18 16:00:00,35.2,MTI_1,MTI,Mighty River,0.0,continuous,3227400000000000,Cancelled,Hydro,NI
51887,2013-11-01 11:36:00,2014-06-05 11:00:00,2014-06-05 15:00:00,26.5,OHK_1,OHK,Mighty River,0.0,continuous,14400000000000,Confirmed,Hydro,NI
51888,2013-11-01 11:36:00,2014-02-20 11:00:00,2014-02-20 15:00:00,26.5,OHK_2,OHK,Mighty River,0.0,continuous,14400000000000,Confirmed,Hydro,NI
51889,2013-11-01 11:36:00,2014-04-03 11:00:00,2014-04-03 15:00:00,26.5,OHK_2,OHK,Mighty River,0.0,continuous,14400000000000,Confirmed,Hydro,NI
51891,2013-11-01 11:36:00,2014-06-26 11:00:00,2014-06-26 15:00:00,26.5,OHK_2,OHK,Mighty River,0.0,continuous,14400000000000,Confirmed,Hydro,NI
51892,2014-01-06 23:36:00,2014-02-19 09:00:00,2014-02-19 17:00:00,26.5,OHK_3,OHK,Mighty River,0.0,continuous,28800000000000,Confirmed,Hydro,NI
51894,2013-11-01 11:36:00,2014-05-15 11:00:00,2014-05-15 15:00:00,26.5,OHK_3,OHK,Mighty River,0.0,continuous,14400000000000,Confirmed,Hydro,NI
51895,2013-12-19 23:37:00,2013-12-18 11:00:00,2013-12-18 15:00:00,26.5,OHK_4,OHK,Mighty River,0.0,continuous,14400000000000,Cancelled,Hydro,NI
51896,2014-01-30 23:37:00,2014-01-29 11:00:00,2014-01-29 15:00:00,26.5,OHK_4,OHK,Mighty River,0.0,continuous,14400000000000,Cancelled,Hydro,NI
51897,2013-11-01 11:36:00,2014-03-12 11:00:00,2014-03-12 15:00:00,26.5,OHK_4,OHK,Mighty River,0.0,continuous,14400000000000,Confirmed,Hydro,NI
51898,2013-11-01 11:36:00,2014-04-23 11:00:00,2014-04-23 15:00:00,26.5,OHK_4,OHK,Mighty River,0.0,continuous,14400000000000,Confirmed,Hydro,NI
51900,2014-01-14 23:37:00,2013-11-04 15:55:00,2014-11-04 17:00:00,6.4,NAP_1,NAP,Mighty River,0.0,continuous,31539900000000000,Cancelled,Geothermal,NI
51922,2014-01-31 11:36:00,2014-03-21 10:00:00,2014-03-21 16:00:00,27.0,ARI_6,ARI,Mighty River,0.0,continuous,21600000000000,Confirmed,Hydro,NI
51923,2013-11-08 11:36:00,2014-06-09 09:00:00,2014-06-09 17:00:00,27.0,ARI_6,ARI,Mighty River,0.0,continuous,28800000000000,Confirmed,Hydro,NI
51929,2014-01-31 11:36:00,2014-03-19 10:00:00,2014-03-19 16:00:00,27.0,ARI_7,ARI,Mighty River,0.0,continuous,21600000000000,Confirmed,Hydro,NI
51941,2013-12-10 11:37:00,2013-12-01 00:00:00,2013-12-09 06:00:00,4.3,KAG_1,KAW,Mighty River,0.0,continuous,712800000000000,Cancelled,Geothermal,NI
51942,2013-12-17 23:37:00,2013-12-16 07:30:00,2013-12-16 12:30:00,26.0,ARA_1,ARA,Mighty River,0.0,continuous,18000000000000,Cancelled,Hydro,NI
51943,2013-12-17 23:37:00,2013-12-16 12:30:00,2013-12-16 17:30:00,26.0,ARA_2,ARA,Mighty River,0.0,continuous,18000000000000,Cancelled,Hydro,NI
51944,2013-12-18 11:37:00,2013-12-17 09:00:00,2013-12-17 11:30:00,26.0,ARA_3,ARA,Mighty River,0.0,continuous,9000000000000,Cancelled,Hydro,NI
51945,2013-12-13 23:37:00,2013-12-11 07:30:00,2013-12-12 19:00:00,18.5,ATI_4,ATI,Mighty River,0.0,continuous,127800000000000,Cancelled,Hydro,NI
51963,2014-01-12 23:36:00,2014-01-10 07:00:00,2014-01-11 20:30:00,27.0,ARI_8,ARI,Mighty River,0.0,continuous,135000000000000,Cancelled,Hydro,NI
51964,2014-02-05 23:36:00,2014-02-04 07:00:00,2014-02-04 17:00:00,18.5,ATI_2,ATI,Mighty River,0.0,continuous,36000000000000,Cancelled,Hydro,NI
51965,2013-12-14 23:37:00,2013-12-13 09:00:00,2013-12-13 17:00:00,21.0,ARI_3,ARI,Mighty River,0.0,continuous,28800000000000,Cancelled,Hydro,NI
51966,2013-11-14 23:36:00,2014-05-05 10:00:00,2014-05-05 15:00:00,18.5,ATI_4,ATI,Mighty River,0.0,continuous,18000000000000,Confirmed,Hydro,NI
52009,2013-12-17 23:37:00,2013-12-16 13:00:00,2013-12-16 17:00:00,26.5,OHK_2,OHK,Mighty River,0.0,continuous,14400000000000,Cancelled,Hydro,NI
52010,2013-12-18 23:37:00,2013-12-17 10:00:00,2013-12-17 18:00:00,26.5,OHK_2,OHK,Mighty River,0.0,continuous,28800000000000,Cancelled,Hydro,NI
52029,2014-02-04 23:37:00,2014-02-03 08:00:00,2014-02-03 18:00:00,27.0,ARI_5,ARI,Mighty River,0.0,continuous,36000000000000,Cancelled,Hydro,NI
52030,2013-11-26 11:36:00,2014-08-04 07:00:00,2014-08-07 19:00:00,27.0,ARI_5,ARI,Mighty River,0.0,continuous,302400000000000,Confirmed,Hydro,NI
52035,2013-12-11 11:36:00,2014-05-22 07:00:00,2014-05-22 17:00:00,27.0,ARI_6,ARI,Mighty River,0.0,continuous,36000000000000,Confirmed,Hydro,NI
52041,2014-01-29 23:36:00,2014-02-27 08:00:00,2014-02-27 18:00:00,27.0,ARI_8,ARI,Mighty River,0.0,continuous,36000000000000,Confirmed,Hydro,NI
52046,2013-12-04 11:36:00,2014-08-11 07:00:00,2014-08-14 19:00:00,27.0,ARI_8,ARI,Mighty River,0.0,continuous,302400000000000,Confirmed,Hydro,NI
52057,2013-12-10 23:37:00,2013-12-09 10:00:00,2013-12-09 18:00:00,4.0,ARI_1,ARI,Mighty River,0.0,continuous,28800000000000,Cancelled,Hydro,NI
52058,2013-12-10 23:37:00,2013-12-09 10:00:00,2013-12-09 18:00:00,4.0,ARI_2,ARI,Mighty River,0.0,continuous,28800000000000,Cancelled,Hydro,NI
52059,2013-12-10 23:37:00,2013-12-09 10:00:00,2013-12-09 18:00:00,4.0,ARI_3,ARI,Mighty River,0.0,continuous,28800000000000,Cancelled,Hydro,NI
52060,2013-12-10 23:37:00,2013-12-09 10:00:00,2013-12-09 16:00:00,4.0,ARI_4,ARI,Mighty River,0.0,continuous,21600000000000,Cancelled,Hydro,NI
52061,2013-12-10 23:37:00,2013-11-28 07:00:00,2013-12-09 15:30:00,133.4,NAP_1,NAP,Mighty River,0.0,continuous,981000000000000,Cancelled,Geothermal,NI
52063,2014-01-06 23:36:00,2013-11-28 13:00:00,2014-03-17 16:00:00,35.0,SWN_3,SWN,Mighty River,0.0,continuous,9428400000000000,Confirmed,Thermal,NI
52074,2013-12-19 23:37:00,2013-12-18 09:00:00,2013-12-18 13:00:00,32.0,KPO_2,KPO,Mighty River,0.0,continuous,14400000000000,Cancelled,Hydro,NI
52075,2013-12-19 23:37:00,2013-12-18 13:00:00,2013-12-18 16:00:00,32.0,KPO_3,KPO,Mighty River,0.0,continuous,10800000000000,Cancelled,Hydro,NI
52078,2013-10-15 14:32:00,2013-05-30 10:00:00,2014-03-30 23:59:00,48.0,HLY6,HLY,Genesis,0.0,continuous,26315940000000000,Confirmed,Thermal,NI
52082,2013-12-14 23:37:00,2013-12-13 07:00:00,2013-12-13 19:00:00,18.5,ATI_1,ATI,Mighty River,0.0,continuous,43200000000000,Cancelled,Hydro,NI
52095,2013-12-15 23:37:00,2013-12-14 07:00:00,2013-12-14 14:00:00,4.5,MOK_1,WKM,Mighty River,0.0,continuous,25200000000000,Cancelled,Geothermal,NI
52096,2013-12-15 23:37:00,2013-12-14 07:00:00,2013-12-14 14:00:00,4.5,MOK_2,WKM,Mighty River,0.0,continuous,25200000000000,Cancelled,Geothermal,NI
52097,2013-12-15 23:37:00,2013-12-14 07:00:00,2013-12-14 14:00:00,7.8,MOK_3,WKM,Mighty River,0.0,continuous,25200000000000,Cancelled,Geothermal,NI
52098,2013-12-15 23:37:00,2013-12-14 07:00:00,2013-12-14 14:00:00,45.6,MOK_10,WKM,Mighty River,0.0,continuous,25200000000000,Cancelled,Geothermal,NI
52099,2013-12-15 23:37:00,2013-12-14 07:00:00,2013-12-14 14:00:00,4.5,MOK_11,WKM,Mighty River,0.0,continuous,25200000000000,Cancelled,Geothermal,NI
52100,2013-12-15 23:37:00,2013-12-14 07:00:00,2013-12-14 14:00:00,4.5,MOK_12,WKM,Mighty River,0.0,continuous,25200000000000,Cancelled,Geothermal,NI
52101,2013-12-15 23:37:00,2013-12-14 07:00:00,2013-12-14 14:00:00,4.5,MOK_21,WKM,Mighty River,0.0,continuous,25200000000000,Cancelled,Geothermal,NI
52102,2013-12-15 23:37:00,2013-12-14 07:00:00,2013-12-14 14:00:00,4.5,MOK_22,WKM,Mighty River,0.0,continuous,25200000000000,Cancelled,Geothermal,NI
52103,2013-12-15 23:37:00,2013-12-14 07:00:00,2013-12-14 14:00:00,19.4,MOK_30,WKM,Mighty River,0.0,continuous,25200000000000,Cancelled,Geothermal,NI
52104,2013-12-15 23:37:00,2013-12-14 07:00:00,2013-12-14 14:00:00,7.5,MOK_31,WKM,Mighty River,0.0,continuous,25200000000000,Cancelled,Geothermal,NI
52105,2013-12-15 23:37:00,2013-12-14 07:00:00,2013-12-14 14:00:00,7.5,MOK_32,WKM,Mighty River,0.0,continuous,25200000000000,Cancelled,Geothermal,NI
52106,2013-12-15 23:37:00,2013-12-14 07:00:00,2013-12-14 14:00:00,6.5,MOK_41,WKM,Mighty River,0.0,continuous,25200000000000,Cancelled,Geothermal,NI
52108,2013-12-21 23:37:00,2013-12-19 07:00:00,2013-12-20 16:30:00,35.0,NTM_STN,NAP,Mighty River,0.0,continuous,120600000000000,Cancelled,Geothermal,NI
52111,2014-01-04 23:37:00,2014-01-03 08:00:00,2014-01-03 16:00:00,35.2,MTI_3,MTI,Mighty River,0.0,continuous,28800000000000,Cancelled,Hydro,NI
52112,2013-12-21 23:37:00,2013-12-20 06:00:00,2013-12-20 20:00:00,50.0,SWN_5,SWN,Mighty River,0.0,continuous,50400000000000,Cancelled,Thermal,NI
52114,2014-01-16 23:37:00,2014-01-15 07:00:00,2014-01-15 19:00:00,18.5,ATI_4,ATI,Mighty River,0.0,continuous,43200000000000,Cancelled,Hydro,NI
52116,2013-12-31 11:37:00,2013-12-30 10:30:00,2013-12-30 11:00:00,27.0,ARI_8,ARI,Mighty River,0.0,continuous,1800000000000,Cancelled,Hydro,NI
52117,2013-12-19 23:37:00,2013-12-18 13:00:00,2013-12-18 14:00:00,23.0,NAP_1,NAP,Mighty River,0.0,continuous,3600000000000,Cancelled,Geothermal,NI
52126,2013-12-19 23:37:00,2013-12-18 09:00:00,2013-12-18 15:00:00,18.5,ATI_3,ATI,Mighty River,0.0,continuous,21600000000000,Cancelled,Hydro,NI
52128,2013-12-18 23:37:00,2013-12-16 19:00:00,2013-12-17 17:00:00,18.0,WPA_1,WPA,Mighty River,0.0,continuous,79200000000000,Cancelled,Hydro,NI
52139,2013-12-17 23:36:00,2014-02-17 07:30:00,2014-02-22 17:00:00,26.0,ARA_1,ARA,Mighty River,0.0,continuous,466200000000000,Confirmed,Hydro,NI
52140,2013-12-17 23:36:00,2014-02-24 07:30:00,2014-03-05 17:00:00,26.0,ARA_3,ARA,Mighty River,0.0,continuous,811800000000000,Confirmed,Hydro,NI
52141,2014-01-25 23:37:00,2014-01-20 07:30:00,2014-01-24 17:00:00,26.0,ARA_1,ARA,Mighty River,0.0,continuous,379800000000000,Cancelled,Hydro,NI
52142,2013-12-18 11:36:00,2014-05-27 08:00:00,2014-05-27 16:00:00,35.2,MTI_3,MTI,Mighty River,0.0,continuous,28800000000000,Confirmed,Hydro,NI
52143,2013-12-18 11:36:00,2014-05-28 08:00:00,2014-05-28 18:00:00,35.2,MTI_3,MTI,Mighty River,0.0,continuous,36000000000000,Confirmed,Hydro,NI
52144,2013-12-18 11:36:00,2014-05-29 08:00:00,2014-05-29 18:00:00,35.2,MTI_3,MTI,Mighty River,0.0,continuous,36000000000000,Confirmed,Hydro,NI
52145,2013-12-18 11:36:00,2014-05-30 08:00:00,2014-05-30 18:00:00,35.2,MTI_3,MTI,Mighty River,0.0,continuous,36000000000000,Confirmed,Hydro,NI
52146,2013-12-20 23:37:00,2013-12-19 08:00:00,2013-12-19 16:00:00,100.0,KAG_1,KAW,Mighty River,0.0,continuous,28800000000000,Cancelled,Geothermal,NI
52147,2013-12-19 11:36:00,2014-03-19 08:00:00,2014-03-19 16:00:00,32.0,KPO_3,KPO,Mighty River,0.0,continuous,28800000000000,Confirmed,Hydro,NI
52148,2014-01-09 11:36:00,2014-04-17 08:00:00,2014-04-17 16:00:00,32.0,KPO_3,KPO,Mighty River,0.0,continuous,28800000000000,Confirmed,Hydro,NI
52149,2014-01-07 23:37:00,2014-01-06 09:00:00,2014-01-06 13:00:00,35.2,MTI_5,MTI,Mighty River,0.0,continuous,14400000000000,Cancelled,Hydro,NI
52150,2014-01-10 23:36:00,2014-04-29 07:30:00,2014-05-14 19:00:00,35.2,MTI_4,MTI,Mighty River,0.0,continuous,1337400000000000,Confirmed,Hydro,NI
52152,2014-01-16 23:37:00,2014-01-15 07:00:00,2014-01-15 19:00:00,18.5,ATI_3,ATI,Mighty River,0.0,continuous,43200000000000,Cancelled,Hydro,NI
52153,2013-12-24 23:36:00,2013-12-23 10:30:00,2013-12-23 16:00:00,26.5,OHK_2,OHK,Mighty River,0.0,continuous,19800000000000,Cancelled,Hydro,NI
52154,2014-01-01 23:37:00,2013-12-31 13:00:00,2013-12-31 14:00:00,23.0,NAP_1,NAP,Mighty River,0.0,continuous,3600000000000,Cancelled,Geothermal,NI
52155,2013-12-24 10:52:00,2013-12-20 23:05:00,2013-12-23 00:00:00,18.5,ATI_4,ATI,Mighty River,0.0,continuous,176100000000000,Cancelled,Hydro,NI
52156,2013-12-22 23:37:00,2013-12-21 00:19:00,2013-12-21 11:59:00,18.5,ATI_3,ATI,Mighty River,0.0,continuous,42000000000000,Cancelled,Hydro,NI
52158,2013-12-24 23:36:00,2013-12-23 08:28:00,2013-12-23 14:00:00,18.5,ATI_3,ATI,Mighty River,0.0,continuous,19920000000000,Cancelled,Hydro,NI
52213,2014-01-01 23:37:00,2013-12-31 08:00:00,2013-12-31 12:00:00,27.0,ARI_8,ARI,Mighty River,0.0,continuous,14400000000000,Cancelled,Hydro,NI
52214,2013-12-28 23:37:00,2013-12-27 08:00:00,2013-12-27 16:00:00,27.0,ARI_6,ARI,Mighty River,0.0,continuous,28800000000000,Cancelled,Hydro,NI
52215,2014-01-14 23:37:00,2014-01-04 20:44:00,2014-01-13 13:00:00,35.2,MTI_10,MTI,Mighty River,0.0,continuous,749760000000000,Cancelled,Hydro,NI
52222,2014-02-05 23:36:00,2014-01-06 16:20:00,2014-03-03 17:00:00,50.0,SWN_5,SWN,Mighty River,0.0,continuous,4840800000000000,Confirmed,Thermal,NI
52223,2014-01-17 23:36:00,2014-01-16 13:00:00,2014-01-16 14:00:00,23.0,NAP_1,NAP,Mighty River,0.0,continuous,3600000000000,Cancelled,Geothermal,NI
52224,2014-01-08 11:36:00,2014-03-24 05:00:00,2014-03-27 16:00:00,138.4,NAP_1,NAP,Mighty River,0.0,continuous,298800000000000,Confirmed,Geothermal,NI
52228,2014-01-09 11:36:00,2014-04-01 07:30:00,2014-04-15 19:30:00,32.0,KPO_1,KPO,Mighty River,0.0,continuous,1252800000000000,Confirmed,Hydro,NI
52229,2014-01-21 23:36:00,2014-05-12 07:30:00,2014-05-19 19:30:00,35.2,MTI_7,MTI,Mighty River,0.0,continuous,648000000000000,Confirmed,Hydro,NI
52230,2014-01-11 23:37:00,2014-01-09 14:51:00,2014-01-10 12:30:00,18.5,ATI_1,ATI,Mighty River,0.0,continuous,77940000000000,Cancelled,Hydro,NI
52231,2014-01-21 11:37:00,2014-01-20 09:00:00,2014-01-20 10:30:00,21.0,ARI_1,ARI,Mighty River,0.0,continuous,5400000000000,Cancelled,Hydro,NI
52232,2014-01-21 23:37:00,2014-01-20 10:30:00,2014-01-20 12:00:00,21.0,ARI_2,ARI,Mighty River,0.0,continuous,5400000000000,Cancelled,Hydro,NI
52233,2014-01-21 23:37:00,2014-01-20 12:00:00,2014-01-20 13:30:00,21.0,ARI_3,ARI,Mighty River,0.0,continuous,5400000000000,Cancelled,Hydro,NI
52234,2014-01-21 23:37:00,2014-01-20 13:30:00,2014-01-20 15:00:00,21.0,ARI_4,ARI,Mighty River,0.0,continuous,5400000000000,Cancelled,Hydro,NI
52235,2014-01-21 11:37:00,2014-01-21 09:00:00,2014-01-21 10:30:00,27.0,ARI_5,ARI,Mighty River,0.0,continuous,5400000000000,Cancelled,Hydro,NI
52236,2014-01-21 11:37:00,2014-01-21 10:30:00,2014-01-21 12:00:00,27.0,ARI_6,ARI,Mighty River,0.0,continuous,5400000000000,Cancelled,Hydro,NI
52239,2014-01-10 23:37:00,2014-01-09 21:00:00,2014-01-09 22:00:00,32.0,KPO_1,KPO,Mighty River,0.0,continuous,3600000000000,Cancelled,Hydro,NI
52240,2014-01-10 23:37:00,2014-01-09 21:04:00,2014-01-09 22:29:00,32.0,KPO_3,KPO,Mighty River,0.0,continuous,5100000000000,Cancelled,Hydro,NI
52241,2014-01-11 11:36:00,2014-01-09 21:05:00,2014-01-10 08:00:00,32.0,KPO_2,KPO,Mighty River,0.0,continuous,39300000000000,Cancelled,Hydro,NI
52244,2014-01-14 23:37:00,2014-01-13 10:00:00,2014-01-13 16:00:00,35.2,MTI_4,MTI,Mighty River,0.0,continuous,21600000000000,Cancelled,Hydro,NI
52250,2014-02-02 11:37:00,2014-01-01 00:00:00,2014-02-01 00:00:00,9.4,NAP_1,NAP,Mighty River,0.0,continuous,2678400000000000,Cancelled,Geothermal,NI
52262,2014-01-14 23:36:00,2014-02-01 00:00:00,2014-03-01 00:00:00,9.4,NAP_1,NAP,Mighty River,0.0,continuous,2419200000000000,Confirmed,Geothermal,NI
52263,2014-01-14 23:36:00,2014-03-01 00:00:00,2014-04-01 00:00:00,9.4,NAP_1,NAP,Mighty River,0.0,continuous,2678400000000000,Confirmed,Geothermal,NI
52264,2014-01-14 23:36:00,2014-04-01 00:00:00,2014-05-01 00:00:00,9.4,NAP_1,NAP,Mighty River,0.0,continuous,2592000000000000,Confirmed,Geothermal,NI
52265,2014-01-14 23:36:00,2014-05-01 00:00:00,2014-06-01 00:00:00,9.4,NAP_1,NAP,Mighty River,0.0,continuous,2678400000000000,Confirmed,Geothermal,NI
52266,2014-01-14 23:36:00,2014-06-01 00:00:00,2014-07-01 00:00:00,9.4,NAP_1,NAP,Mighty River,0.0,continuous,2592000000000000,Confirmed,Geothermal,NI
52267,2014-02-02 11:37:00,2014-01-01 00:00:00,2014-02-01 00:00:00,2.5,NTM_STN,NAP,Mighty River,0.0,continuous,2678400000000000,Cancelled,Geothermal,NI
52268,2014-01-14 23:36:00,2014-02-01 00:00:00,2014-03-01 00:00:00,2.5,NTM_STN,NAP,Mighty River,0.0,continuous,2419200000000000,Confirmed,Geothermal,NI
52269,2014-01-14 23:36:00,2014-03-01 00:00:00,2014-04-01 00:00:00,2.5,NTM_STN,NAP,Mighty River,0.0,continuous,2678400000000000,Confirmed,Geothermal,NI
52270,2014-01-14 23:36:00,2014-04-01 00:00:00,2014-05-01 00:00:00,2.5,NTM_STN,NAP,Mighty River,0.0,continuous,2592000000000000,Confirmed,Geothermal,NI
52271,2014-01-14 23:36:00,2014-05-01 00:00:00,2014-06-01 00:00:00,2.5,NTM_STN,NAP,Mighty River,0.0,continuous,2678400000000000,Confirmed,Geothermal,NI
52272,2014-01-14 23:36:00,2014-06-01 00:00:00,2014-07-01 00:00:00,2.5,NTM_STN,NAP,Mighty River,0.0,continuous,2592000000000000,Confirmed,Geothermal,NI
52274,2014-01-16 23:37:00,2014-01-15 13:00:00,2014-01-15 14:29:00,35.2,MTI_8,MTI,Mighty River,0.0,continuous,5340000000000,Cancelled,Hydro,NI
52275,2014-01-16 23:37:00,2014-01-15 14:30:00,2014-01-15 16:00:00,35.2,MTI_6,MTI,Mighty River,0.0,continuous,5400000000000,Cancelled,Hydro,NI
52276,2014-01-24 23:37:00,2014-01-23 06:00:00,2014-01-23 18:30:00,4.0,NTM_STN,NAP,Mighty River,0.0,continuous,45000000000000,Cancelled,Geothermal,NI
52281,2014-01-30 23:37:00,2014-01-29 13:00:00,2014-01-29 14:00:00,23.0,NAP_1,NAP,Mighty River,0.0,continuous,3600000000000,Cancelled,Geothermal,NI
52283,2014-01-31 23:37:00,2014-01-30 09:00:00,2014-01-30 16:00:00,35.2,MTI_7,MTI,Mighty River,0.0,continuous,25200000000000,Cancelled,Hydro,NI
52284,2014-01-23 11:36:00,2014-01-22 06:07:00,2014-01-22 09:00:00,35.2,MTI_7,MTI,Mighty River,0.0,continuous,10380000000000,Cancelled,Hydro,NI
52287,2014-01-24 11:36:00,2014-06-14 07:00:00,2014-06-14 18:00:00,26.5,OHK_3,OHK,Mighty River,0.0,continuous,39600000000000,Confirmed,Hydro,NI
52288,2014-01-24 11:36:00,2014-05-16 07:00:00,2014-05-16 17:00:00,26.5,OHK_2,OHK,Mighty River,0.0,continuous,36000000000000,Confirmed,Hydro,NI
52289,2014-01-27 23:37:00,2014-01-26 18:00:00,2014-01-26 20:30:00,18.5,ATI_2,ATI,Mighty River,0.0,continuous,9000000000000,Cancelled,Hydro,NI
52290,2014-01-28 11:37:00,2014-01-26 21:40:00,2014-01-27 00:30:00,25.0,WKM_1,WKM,Mighty River,0.0,continuous,10200000000000,Cancelled,Geothermal,NI
52291,2014-01-28 11:37:00,2014-01-26 21:41:00,2014-01-27 00:30:00,25.0,WKM_2,WKM,Mighty River,0.0,continuous,10140000000000,Cancelled,Geothermal,NI
52292,2014-01-28 11:37:00,2014-01-26 21:42:00,2014-01-27 02:30:00,25.0,WKM_3,WKM,Mighty River,0.0,continuous,17280000000000,Cancelled,Geothermal,NI
52293,2014-01-28 11:37:00,2014-01-26 21:43:00,2014-01-27 02:30:00,25.0,WKM_4,WKM,Mighty River,0.0,continuous,17220000000000,Cancelled,Geothermal,NI
52297,2014-01-31 11:36:00,2014-02-16 09:00:00,2014-02-16 17:00:00,21.0,ARI_1,ARI,Mighty River,0.0,continuous,28800000000000,Confirmed,Hydro,NI
52298,2014-01-31 11:36:00,2014-02-16 09:00:00,2014-02-16 17:00:00,21.0,ARI_2,ARI,Mighty River,0.0,continuous,28800000000000,Confirmed,Hydro,NI
52299,2014-01-31 11:36:00,2014-02-16 09:00:00,2014-02-16 17:00:00,21.0,ARI_3,ARI,Mighty River,0.0,continuous,28800000000000,Confirmed,Hydro,NI
52300,2014-01-31 11:36:00,2014-02-16 09:00:00,2014-02-16 17:00:00,21.0,ARI_4,ARI,Mighty River,0.0,continuous,28800000000000,Confirmed,Hydro,NI
52314,2014-01-31 23:37:00,2014-01-30 16:58:00,2014-01-30 18:00:00,32.0,KPO_2,KPO,Mighty River,0.0,continuous,3720000000000,Cancelled,Hydro,NI
52315,2014-02-06 23:37:00,2014-02-05 08:30:00,2014-02-05 15:30:00,18.0,WPA_1,WPA,Mighty River,0.0,continuous,25200000000000,Cancelled,Hydro,NI
52316,2014-02-03 11:37:00,2014-02-10 07:00:00,2014-02-11 19:00:00,32.0,KPO_1,KPO,Mighty River,0.0,continuous,129600000000000,Confirmed,Hydro,NI
52318,2014-02-09 23:37:00,2014-02-08 11:00:00,2014-02-08 13:00:00,26.5,OHK_2,OHK,Mighty River,0.0,continuous,7200000000000,Cancelled,Hydro,NI
52319,2014-02-09 23:37:00,2014-02-08 11:00:00,2014-02-08 13:00:00,26.5,OHK_3,OHK,Mighty River,0.0,continuous,7200000000000,Cancelled,Hydro,NI
52320,2014-02-09 23:37:00,2014-02-08 11:00:00,2014-02-08 13:00:00,26.5,OHK_4,OHK,Mighty River,0.0,continuous,7200000000000,Cancelled,Hydro,NI
52321,2014-02-04 23:37:00,2014-02-12 13:00:00,2014-02-12 14:00:00,23.0,NAP_1,NAP,Mighty River,0.0,continuous,3600000000000,Confirmed,Geothermal,NI
52322,2014-02-05 11:36:00,2014-02-10 06:30:00,2014-02-10 16:30:00,25.0,KAG_1,KAW,Mighty River,0.0,continuous,36000000000000,Confirmed,Geothermal,NI
52341,2014-02-10 11:37:00,2014-02-13 12:30:00,2014-02-13 16:00:00,18.5,ATI_2,ATI,Mighty River,0.0,continuous,12600000000000,Confirmed,Hydro,NI
53100,2013-10-03 14:51:00,2014-01-01 00:00:00,2014-12-21 23:59:00,245.0,HLY1,HLY,Genesis,0.0,continuous,30671940000000000,Confirmed,Thermal,NI
53409,2014-01-09 02:00:00,2014-01-18 09:00:00,2014-01-18 11:00:00,164.0,OHA,OHA,Meridian,0.0,continuous,7200000000000,Confirmed,Hydro,SI
53410,2013-03-23 02:00:00,2014-03-22 13:30:00,2014-03-22 16:00:00,164.0,OHA,OHA,Meridian,0.0,continuous,9000000000000,Confirmed,Hydro,SI
53411,2013-05-04 02:00:00,2014-05-03 13:30:00,2014-05-03 16:00:00,164.0,OHA,OHA,Meridian,0.0,continuous,9000000000000,Confirmed,Hydro,SI
53413,2013-06-15 02:00:00,2014-06-14 13:30:00,2014-06-14 16:00:00,164.0,OHA,OHA,Meridian,0.0,continuous,9000000000000,Confirmed,Hydro,SI
53533,2014-01-11 14:50:00,2013-11-19 12:00:00,2014-01-04 07:29:00,3.2,TKA1,TKA,Genesis,0.0,continuous,3958140000000000,Cancelled,Hydro,SI
53542,2014-01-14 14:17:00,2013-12-07 13:01:00,2014-01-07 05:29:00,10.0,TKB2,TKB,Genesis,0.0,continuous,2651280000000000,Cancelled,Hydro,SI
53579,2013-12-26 14:23:00,2013-12-19 13:00:00,2013-12-19 14:30:00,120.0,RPO_STN,RPO,Genesis,0.0,continuous,5400000000000,Cancelled,Hydro,NI
53638,2013-12-16 15:03:00,2013-12-06 10:00:00,2013-12-09 10:00:00,20.0,TUI3,TUI,Genesis,0.0,continuous,259200000000000,Cancelled,Hydro,NI
53658,2013-12-04 10:37:00,2013-12-03 00:00:00,2013-12-31 23:59:00,245.0,HLY1,HLY,Genesis,0.0,continuous,2505540000000000,Confirmed,Thermal,NI
53698,2013-12-21 14:17:00,2013-12-14 11:00:00,2013-12-14 13:00:00,110.0,TKB_STN,TKB,Genesis,0.0,continuous,7200000000000,Cancelled,Hydro,SI
53718,2013-12-17 15:51:00,2013-12-09 10:01:00,2013-12-10 21:00:00,20.0,TUI3,TUI,Genesis,0.0,continuous,125940000000000,Cancelled,Hydro,NI
53738,2013-12-12 14:33:00,2013-12-21 11:00:00,2013-12-21 13:00:00,110.0,TKB_STN,TKB,Genesis,0.0,continuous,7200000000000,Confirmed,Hydro,SI
53758,2013-12-21 14:17:00,2013-12-13 12:00:00,2013-12-14 18:00:00,245.0,HLY2,HLY,Genesis,0.0,continuous,108000000000000,Cancelled,Thermal,NI
53764,2014-01-10 02:00:00,2014-04-28 07:00:00,2014-07-03 17:00:00,55.0,AVI3,AVI,Meridian,0.0,continuous,5738400000000000,Confirmed,Hydro,SI
53798,2014-01-19 14:05:00,2014-01-12 08:00:00,2014-01-12 16:00:00,90.0,RPO_STN,RPO,Genesis,0.0,continuous,28800000000000,Cancelled,Hydro,NI
53801,2013-12-17 15:51:00,2014-02-02 07:00:00,2014-02-02 16:00:00,120.0,RPO_STN,RPO,Genesis,0.0,continuous,32400000000000,Confirmed,Hydro,NI
53803,2013-12-17 15:51:00,2014-02-08 09:00:00,2014-02-08 15:00:00,16.0,PRI_STN,PRI,Genesis,0.0,continuous,21600000000000,Confirmed,Hydro,NI
53804,2013-12-17 15:51:00,2014-02-09 09:00:00,2014-02-09 15:00:00,16.0,PRI_STN,PRI,Genesis,0.0,continuous,21600000000000,Confirmed,Hydro,NI
53806,2013-12-17 15:51:00,2014-04-12 09:00:00,2014-04-12 15:00:00,44.0,PRI_STN,PRI,Genesis,0.0,continuous,21600000000000,Confirmed,Hydro,NI
53807,2013-12-17 15:51:00,2014-04-13 09:00:00,2014-04-13 15:00:00,16.0,PRI_STN,PRI,Genesis,0.0,continuous,21600000000000,Confirmed,Hydro,NI
53809,2013-12-24 16:38:00,2013-12-17 12:00:00,2013-12-17 14:00:00,20.0,TUI3,TUI,Genesis,0.0,continuous,7200000000000,Cancelled,Hydro,NI
53826,2014-01-04 14:47:00,2013-12-28 11:00:00,2013-12-28 13:00:00,110.0,TKB_STN,TKB,Genesis,0.0,continuous,7200000000000,Cancelled,Hydro,SI
53827,2014-01-11 14:50:00,2014-01-04 11:00:00,2014-01-04 13:00:00,110.0,TKB_STN,TKB,Genesis,0.0,continuous,7200000000000,Cancelled,Hydro,SI
53838,2014-01-10 14:27:00,2014-01-02 00:00:00,2014-01-03 23:59:00,245.0,HLY4,HLY,Genesis,0.0,continuous,172740000000000,Cancelled,Thermal,NI
53878,2014-01-20 14:00:00,2014-01-13 14:00:00,2014-01-13 17:00:00,60.0,TKU2,TKU,Genesis,0.0,continuous,10800000000000,Cancelled,Hydro,NI
53898,2014-02-04 14:05:00,2014-01-28 09:00:00,2014-01-28 15:00:00,60.0,TKU3,TKU,Genesis,0.0,continuous,21600000000000,Cancelled,Hydro,NI
53899,2014-02-06 14:26:00,2014-01-30 07:00:00,2014-01-30 20:00:00,22.0,PRI4,PRI,Genesis,0.0,continuous,46800000000000,Cancelled,Hydro,NI
53900,2014-02-07 15:34:00,2014-03-02 07:30:00,2014-03-02 18:00:00,18.0,KTW6,TUI,Genesis,0.0,continuous,37800000000000,Confirmed,Hydro,NI
53918,2014-02-05 13:43:00,2014-01-29 10:00:00,2014-01-29 14:12:00,245.0,HLY4,HLY,Genesis,0.0,continuous,15120000000000,Cancelled,Thermal,NI
53919,2014-01-29 14:25:00,2014-02-10 06:00:00,2014-02-10 07:30:00,70.0,RPO6,RPO,Genesis,0.0,continuous,5400000000000,Confirmed,Hydro,NI
53920,2014-01-29 14:25:00,2014-03-11 06:00:00,2014-03-11 18:00:00,70.0,RPO6,RPO,Genesis,0.0,continuous,43200000000000,Confirmed,Hydro,NI
53921,2014-01-29 14:25:00,2014-03-21 16:30:00,2014-03-21 18:00:00,70.0,RPO6,RPO,Genesis,0.0,continuous,5400000000000,Confirmed,Hydro,NI
53938,2014-01-31 14:28:00,2014-02-04 21:00:00,2014-02-05 06:00:00,240.0,TKU_STN,TKU,Genesis,0.0,continuous,32400000000000,Confirmed,Hydro,NI
53958,2014-02-07 15:34:00,2014-03-19 07:00:00,2014-03-19 16:00:00,20.0,TUI2,TUI,Genesis,0.0,continuous,32400000000000,Confirmed,Hydro,NI
53959,2014-02-07 15:34:00,2014-02-12 07:00:00,2014-02-12 16:00:00,18.0,KTW7,KTW,Genesis,0.0,continuous,32400000000000,Confirmed,Hydro,NI
54718,2013-07-26 02:00:00,2014-07-25 08:00:00,2014-07-25 16:00:00,90.0,BEN4,BEN,Meridian,0.0,continuous,28800000000000,Confirmed,Hydro,SI
55324,2013-12-12 09:01:00,2014-04-28 07:30:00,2014-05-03 19:00:00,360.0,BEN,BEN,Meridian,0.0,continuous,473400000000000,Confirmed,Hydro,SI
55331,2013-10-17 02:00:00,2014-02-24 06:30:00,2014-03-07 17:30:00,66.0,OHA7,OHA,Meridian,0.0,continuous,990000000000000,Confirmed,Hydro,SI
55396,2013-06-28 02:00:00,2013-12-18 12:00:00,2013-12-18 16:00:00,55.0,AVI2,AVI,Meridian,0.0,continuous,14400000000000,Confirmed,Hydro,SI
55397,2013-12-12 09:01:00,2013-12-19 12:00:00,2013-12-19 16:00:00,55.0,AVI4,AVI,Meridian,0.0,continuous,14400000000000,Confirmed,Hydro,SI
55398,2012-12-19 02:00:00,2013-12-18 08:00:00,2013-12-18 12:00:00,55.0,AVI1,AVI,Meridian,0.0,continuous,14400000000000,Confirmed,Hydro,SI
55399,2013-12-12 09:01:00,2013-12-19 08:00:00,2013-12-19 12:00:00,55.0,AVI3,AVI,Meridian,0.0,continuous,14400000000000,Confirmed,Hydro,SI
55400,2013-02-05 01:59:00,2014-02-04 08:00:00,2014-02-04 12:00:00,121.5,MAN1,MAN,Meridian,0.0,continuous,14400000000000,Confirmed,Hydro,SI
55402,2014-01-24 02:00:00,2014-02-12 09:00:00,2014-02-12 12:00:00,121.5,MAN5,MAN,Meridian,0.0,continuous,10800000000000,Confirmed,Hydro,SI
55403,2014-01-24 02:00:00,2014-02-13 09:00:00,2014-02-13 13:00:00,121.5,MAN7,MAN,Meridian,0.0,continuous,14400000000000,Confirmed,Hydro,SI
55404,2014-01-24 02:00:00,2014-02-05 08:00:00,2014-02-05 12:00:00,121.5,MAN2,MAN,Meridian,0.0,continuous,14400000000000,Confirmed,Hydro,SI
55405,2014-01-24 02:00:00,2014-02-11 11:00:00,2014-02-11 16:00:00,121.5,MAN4,MAN,Meridian,0.0,continuous,18000000000000,Confirmed,Hydro,SI
55406,2014-01-24 02:00:00,2014-02-12 12:00:00,2014-02-12 17:00:00,121.5,MAN6,MAN,Meridian,0.0,continuous,18000000000000,Confirmed,Hydro,SI
55408,2013-04-08 02:00:00,2014-04-07 08:00:00,2014-04-07 12:00:00,90.0,BEN6,BEN,Meridian,0.0,continuous,14400000000000,Confirmed,Hydro,SI
55409,2013-04-09 02:00:00,2014-04-08 08:00:00,2014-04-08 12:00:00,15.0,WTK1,WTK,Meridian,0.0,continuous,14400000000000,Confirmed,Hydro,SI
55410,2013-04-10 02:00:00,2014-04-09 08:00:00,2014-04-09 16:00:00,15.0,WTK4,WTK,Meridian,0.0,continuous,28800000000000,Confirmed,Hydro,SI
55411,2013-04-11 02:00:00,2014-04-10 08:00:00,2014-04-10 12:00:00,15.0,WTK6,WTK,Meridian,0.0,continuous,14400000000000,Confirmed,Hydro,SI
55412,2013-04-08 02:00:00,2014-04-07 12:00:00,2014-04-07 16:00:00,15.0,WTK2,WTK,Meridian,0.0,continuous,14400000000000,Confirmed,Hydro,SI
55413,2013-04-09 02:00:00,2014-04-08 12:00:00,2014-04-08 16:00:00,15.0,WTK5,WTK,Meridian,0.0,continuous,14400000000000,Confirmed,Hydro,SI
55414,2013-04-11 02:00:00,2014-04-10 08:00:00,2014-04-10 12:00:00,15.0,WTK7,WTK,Meridian,0.0,continuous,14400000000000,Confirmed,Hydro,SI
55421,2013-10-24 02:00:00,2014-03-03 06:30:00,2014-03-08 18:30:00,90.0,BEN5,BEN,Meridian,0.0,continuous,475200000000000,Confirmed,Hydro,SI
55422,2013-10-24 02:00:00,2014-03-10 06:30:00,2014-03-15 18:30:00,90.0,BEN6,BEN,Meridian,0.0,continuous,475200000000000,Confirmed,Hydro,SI
55446,2014-01-30 02:00:00,2014-02-16 08:00:00,2014-02-16 14:00:00,159.0,OHC,OHC,Meridian,0.0,continuous,21600000000000,Confirmed,Hydro,SI
55447,2014-01-30 02:00:00,2014-02-16 08:00:00,2014-02-16 14:00:00,159.0,OHB,OHB,Meridian,0.0,continuous,21600000000000,Confirmed,Hydro,SI
55448,2014-01-30 02:00:00,2014-02-16 14:00:00,2014-02-16 16:00:00,159.0,OHB,OHB,Meridian,0.0,continuous,7200000000000,Confirmed,Hydro,SI
55449,2014-01-30 02:00:00,2014-02-16 14:00:00,2014-02-16 16:00:00,159.0,OHC,OHC,Meridian,0.0,continuous,7200000000000,Confirmed,Hydro,SI
55484,2013-06-20 02:00:00,2014-02-24 07:30:00,2014-03-07 16:00:00,15.0,WTK1,WTK,Meridian,0.0,continuous,981000000000000,Confirmed,Hydro,SI
55485,2013-03-25 02:00:00,2014-03-24 06:45:00,2014-04-04 16:00:00,15.0,WTK5,WTK,Meridian,0.0,continuous,983700000000000,Confirmed,Hydro,SI
55501,2013-05-15 02:00:00,2014-05-14 07:30:00,2014-05-14 16:00:00,15.0,WTK1,WTK,Meridian,0.0,continuous,30600000000000,Confirmed,Hydro,SI
55531,2014-01-17 02:00:00,2013-08-12 07:00:00,2014-01-16 13:00:00,15.0,WTK1,WTK,Meridian,0.0,continuous,13586400000000000,Confirmed,Hydro,SI
56158,2013-06-05 02:00:00,2014-04-28 06:00:00,2014-05-02 20:00:00,121.5,MAN3,MAN,Meridian,0.0,continuous,396000000000000,Confirmed,Hydro,SI
56159,2013-06-05 02:00:00,2014-05-05 06:00:00,2014-05-09 20:00:00,121.5,MAN5,MAN,Meridian,0.0,continuous,396000000000000,Confirmed,Hydro,SI
56195,2013-06-13 08:40:00,2014-05-06 07:30:00,2014-10-17 16:00:00,0.1,WTK3,WTK,Meridian,0.0,continuous,14200200000000000,Confirmed,Hydro,SI
56239,2013-12-13 02:00:00,2014-02-10 07:00:00,2014-02-21 18:30:00,15.0,WTK6,WTK,Meridian,0.0,continuous,991800000000000,Confirmed,Hydro,SI
56627,2014-02-06 02:00:00,2014-03-10 06:00:00,2014-03-22 18:00:00,53.0,OHC14,OHC,Meridian,0.0,continuous,1080000000000000,Confirmed,Hydro,SI
56744,2013-12-13 02:00:00,2013-12-10 06:00:00,2013-12-13 18:00:00,66.0,OHA6,OHA,Meridian,0.0,continuous,302400000000000,Confirmed,Hydro,SI
56745,2013-12-10 02:00:00,2013-12-05 06:00:00,2013-12-09 17:00:00,66.0,OHA7,OHA,Meridian,0.0,continuous,385200000000000,Confirmed,Hydro,SI
56781,2013-12-10 02:00:00,2014-01-15 12:30:00,2014-01-15 15:30:00,121.5,MAN1,MAN,Meridian,0.0,continuous,10800000000000,Confirmed,Hydro,SI
56782,2013-11-15 02:00:00,2013-12-18 09:00:00,2013-12-18 12:30:00,121.5,MAN2,MAN,Meridian,0.0,continuous,12600000000000,Confirmed,Hydro,SI
56783,2013-11-30 02:00:00,2014-01-14 07:30:00,2014-01-14 20:00:00,121.5,MAN6,MAN,Meridian,0.0,continuous,45000000000000,Confirmed,Hydro,SI
56807,2013-12-13 02:00:00,2014-02-10 07:00:00,2014-02-18 17:00:00,62.2,WWDA,WWD,Meridian,0.0,continuous,727200000000000,Confirmed,Wind,NI
56808,2013-12-13 02:00:00,2014-02-23 07:00:00,2014-03-03 17:00:00,62.2,WWDB,WWD,Meridian,0.0,continuous,727200000000000,Confirmed,Wind,NI
56833,2013-12-05 02:00:00,2013-12-02 06:30:00,2013-12-08 16:00:00,53.0,OHB11,OHB,Meridian,0.0,continuous,552600000000000,Confirmed,Hydro,SI
56900,2013-11-02 02:00:00,2014-07-14 08:00:00,2014-07-14 17:00:00,90.0,BEN3,BEN,Meridian,0.0,continuous,32400000000000,Confirmed,Hydro,SI
56901,2013-11-02 02:00:00,2014-01-20 08:00:00,2014-01-20 17:00:00,90.0,BEN4,BEN,Meridian,0.0,continuous,32400000000000,Confirmed,Hydro,SI
57045,2013-11-30 02:00:00,2013-12-20 08:00:00,2013-12-20 12:00:00,55.0,AVI3,AVI,Meridian,0.0,continuous,14400000000000,Confirmed,Hydro,SI
57048,2013-12-04 02:00:00,2013-12-09 07:30:00,2013-12-09 16:00:00,55.0,AVI4,AVI,Meridian,0.0,continuous,30600000000000,Confirmed,Hydro,SI
57073,2013-12-10 02:00:00,2013-12-09 17:00:00,2013-12-09 20:00:00,66.0,OHA6,OHA,Meridian,0.0,continuous,10800000000000,Confirmed,Hydro,SI
57075,2013-12-12 09:01:00,2014-06-16 07:00:00,2014-06-16 19:00:00,121.5,MAN1,MAN,Meridian,0.0,continuous,43200000000000,Confirmed,Hydro,SI
57076,2013-12-20 02:00:00,2013-12-19 09:00:00,2013-12-19 13:00:00,58.0,WHL,WHL,Meridian,0.0,continuous,14400000000000,Confirmed,Wind,SI
57078,2013-12-12 09:01:00,2013-12-17 07:00:00,2013-12-17 18:00:00,55.0,AVI3,AVI,Meridian,0.0,continuous,39600000000000,Confirmed,Hydro,SI
57080,2014-01-25 02:00:00,2014-01-28 09:00:00,2014-01-28 21:00:00,15.0,WTK7,WTK,Meridian,0.0,continuous,43200000000000,Confirmed,Hydro,SI
57091,2013-12-19 02:00:00,2013-12-23 14:00:00,2013-12-23 15:00:00,121.5,MAN5,MAN,Meridian,0.0,continuous,3600000000000,Confirmed,Hydro,SI
57092,2013-12-19 02:00:00,2013-12-19 14:00:00,2013-12-19 15:00:00,121.5,MAN5,MAN,Meridian,0.0,continuous,3600000000000,Confirmed,Hydro,SI
57096,2013-12-21 02:00:00,2014-01-21 09:00:00,2014-01-21 11:00:00,121.5,MAN2,MAN,Meridian,0.0,continuous,7200000000000,Confirmed,Hydro,SI
57097,2013-12-21 02:00:00,2014-01-21 11:00:00,2014-01-21 13:00:00,121.5,MAN5,MAN,Meridian,0.0,continuous,7200000000000,Confirmed,Hydro,SI
57098,2013-12-21 02:00:00,2014-01-20 11:00:00,2014-01-20 13:00:00,121.5,MAN4,MAN,Meridian,0.0,continuous,7200000000000,Confirmed,Hydro,SI
57099,2013-12-21 02:00:00,2014-01-20 09:00:00,2014-01-20 11:00:00,121.5,MAN7,MAN,Meridian,0.0,continuous,7200000000000,Confirmed,Hydro,SI
57108,2014-01-14 02:00:00,2014-01-06 09:45:00,2014-01-14 16:00:00,58.0,WHL,WHL,Meridian,0.0,continuous,713700000000000,Confirmed,Wind,SI
57132,2014-01-18 02:00:00,2014-01-17 12:01:00,2014-01-17 16:00:00,38.0,WHL,WHL,Meridian,0.0,continuous,14340000000000,Cancelled,Wind,SI
57135,2014-01-14 02:00:00,2014-01-22 11:00:00,2014-01-22 11:30:00,121.5,MAN1,MAN,Meridian,0.0,continuous,1800000000000,Confirmed,Hydro,SI
57136,2014-01-14 02:00:00,2014-01-22 12:00:00,2014-01-22 12:30:00,121.5,MAN1,MAN,Meridian,0.0,continuous,1800000000000,Confirmed,Hydro,SI
57137,2014-01-23 02:00:00,2014-01-22 14:00:00,2014-01-22 18:00:00,121.5,MAN1,MAN,Meridian,0.0,continuous,14400000000000,Confirmed,Hydro,SI
57150,2014-01-18 02:00:00,2014-01-15 10:30:00,2014-01-20 09:00:00,58.0,WHL,WHL,Meridian,0.0,continuous,426600000000000,Confirmed,Wind,SI
57151,2014-01-17 02:00:00,2014-02-26 09:00:00,2014-02-26 09:30:00,25.3,WWD4,WWD,Meridian,0.0,continuous,1800000000000,Confirmed,Wind,NI
57152,2014-01-17 02:00:00,2014-02-26 11:30:00,2014-02-26 12:00:00,25.3,WWD5,WWD,Meridian,0.0,continuous,1800000000000,Confirmed,Wind,NI
57153,2014-01-17 02:00:00,2014-02-26 14:00:00,2014-02-26 14:30:00,23.0,WWD6,WWD,Meridian,0.0,continuous,1800000000000,Confirmed,Wind,NI
57157,2014-01-18 02:00:00,2014-01-20 13:00:00,2014-01-21 09:00:00,58.0,WHL,WHL,Meridian,0.0,continuous,72000000000000,Confirmed,Wind,SI
57158,2014-01-22 02:00:00,2014-01-21 13:00:00,2014-01-22 16:00:00,58.0,WHL,WHL,Meridian,0.0,continuous,97200000000000,Confirmed,Wind,SI
57164,2014-01-18 02:00:00,2014-02-12 13:00:00,2014-02-12 14:00:00,23.0,WWD3,WWD,Meridian,0.0,continuous,3600000000000,Confirmed,Wind,NI
57165,2014-01-18 02:00:00,2014-02-12 11:30:00,2014-02-12 12:00:00,23.0,WWD2,WWD,Meridian,0.0,continuous,1800000000000,Confirmed,Wind,NI
57166,2014-01-18 02:00:00,2014-02-12 09:00:00,2014-02-12 09:30:00,23.0,WWD1,WWD,Meridian,0.0,continuous,1800000000000,Confirmed,Wind,NI
57223,2014-01-23 02:00:00,2014-02-12 09:00:00,2014-02-12 13:00:00,64.4,TUK,TUK,Meridian,0.0,continuous,14400000000000,Confirmed,Wind,NI
57226,2014-01-24 02:00:00,2014-02-13 06:00:00,2014-02-14 18:30:00,53.0,OHB11,OHB,Meridian,0.0,continuous,131400000000000,Confirmed,Hydro,SI
57257,2014-01-30 02:00:00,2014-03-14 13:00:00,2014-03-14 16:00:00,53.0,OHB8,OHB,Meridian,0.0,continuous,10800000000000,Confirmed,Hydro,SI
57258,2014-01-30 02:00:00,2014-03-14 09:00:00,2014-03-14 12:00:00,66.0,OHA6,OHA,Meridian,0.0,continuous,10800000000000,Confirmed,Hydro,SI
57259,2014-01-30 02:00:00,2014-02-03 07:30:00,2014-02-03 16:00:00,15.0,WTK1,WTK,Meridian,0.0,continuous,30600000000000,Confirmed,Hydro,SI
57267,2014-02-01 02:00:00,2014-02-05 06:00:00,2014-02-05 07:00:00,55.0,AVI3,AVI,Meridian,0.0,continuous,3600000000000,Confirmed,Hydro,SI
57268,2014-02-01 02:00:00,2014-02-03 13:00:00,2014-02-03 16:00:00,53.0,OHC15,OHC,Meridian,0.0,continuous,10800000000000,Confirmed,Hydro,SI
57269,2014-02-04 02:00:00,2014-02-04 19:00:00,2014-02-04 21:00:00,66.0,OHA4,OHA,Meridian,0.0,continuous,7200000000000,Confirmed,Hydro,SI
57308,2014-02-06 02:00:00,2014-02-19 10:00:00,2014-02-19 10:30:00,121.5,MAN1,MAN,Meridian,0.0,continuous,1800000000000,Confirmed,Hydro,SI
57309,2014-02-06 02:00:00,2014-02-19 11:00:00,2014-02-19 11:30:00,121.5,MAN1,MAN,Meridian,0.0,continuous,1800000000000,Confirmed,Hydro,SI
57310,2014-02-06 02:00:00,2014-02-19 12:00:00,2014-02-19 12:30:00,121.5,MAN1,MAN,Meridian,0.0,continuous,1800000000000,Confirmed,Hydro,SI
57311,2014-02-06 02:00:00,2014-02-19 13:00:00,2014-02-19 13:30:00,121.5,MAN1,MAN,Meridian,0.0,continuous,1800000000000,Confirmed,Hydro,SI
57312,2014-02-06 02:00:00,2014-02-11 19:30:00,2014-02-11 22:00:00,121.5,MAN1,MAN,Meridian,0.0,continuous,9000000000000,Confirmed,Hydro,SI
TRUS8680KUM,2013-12-12 05:04:00,2013-11-01 13:00:00,2013-12-13 16:30:00,10.0,KUM_STN,KUM,Trustpower,0.0,continuous,3641400000000000,Cancelled,Hydro,SI
TRUS9242TGA,2013-08-17 05:04:00,2014-02-03 07:00:00,2014-02-16 16:00:00,9.0,TGA_STN,TGA,Trustpower,0.0,continuous,1155600000000000,Tentative,Hydro,NI
TRUS9244MAT,2013-08-17 05:04:00,2014-02-24 07:00:00,2014-03-09 16:00:00,40.0,MAT_STN,MAT,Trustpower,0.0,continuous,1155600000000000,Tentative,Hydro,NI
TRUS9245MAT,2013-09-17 05:04:00,2014-02-24 07:00:00,2014-03-28 16:00:00,40.0,MAT_STN,MAT,Trustpower,0.0,continuous,2797200000000000,Tentative,Hydro,NI
TRUS9419BWK,2013-12-10 05:04:00,2013-11-04 08:00:00,2013-12-10 16:00:00,7.0,BWK_STN,BWK,Trustpower,0.0,continuous,3139200000000000,Cancelled,Hydro,SI
TRUS9435COL,2013-12-11 12:01:00,2013-12-11 08:00:00,2013-12-11 11:30:00,8.0,COL_STN,COL,Trustpower,0.0,continuous,12600000000000,Cancelled,Hydro,SI
TRUS9436COL,2013-12-12 05:04:00,2013-12-11 08:30:00,2013-12-11 12:00:00,10.0,COL_STN,COL,Trustpower,0.0,continuous,12600000000000,Cancelled,Hydro,SI
TRUS9437COL,2013-12-12 05:04:00,2013-12-11 09:00:00,2013-12-11 12:30:00,10.0,COL_STN,COL,Trustpower,0.0,continuous,12600000000000,Cancelled,Hydro,SI
TRUS9438ASB,2013-12-12 05:04:00,2013-12-11 10:30:00,2013-12-11 14:00:00,23.0,ASB_STN,ASB,Trustpower,0.0,continuous,12600000000000,Cancelled,Hydro,SI
TRUS9444HWB,2013-12-21 05:04:00,2014-03-03 08:00:00,2014-05-16 16:00:00,20.0,HWB_STN,HWB,Trustpower,0.0,continuous,6422400000000000,Tentative,Wind,SI
TRUS9446ASB,2013-11-11 12:01:00,2014-02-10 08:00:00,2014-03-07 16:00:00,2.0,ASB_STN,ASB,Trustpower,0.0,continuous,2188800000000000,Tentative,Hydro,SI
TRUS9483HUI,2013-12-10 05:04:00,2013-12-08 21:00:00,2013-12-08 21:30:00,5.0,HUI_STN,HUI,Trustpower,0.0,continuous,1800000000000,Cancelled,Hydro,NI
TRUS9484HUI,2013-12-19 12:01:00,2013-12-19 06:00:00,2013-12-19 06:30:00,5.0,HUI_STN,HUI,Trustpower,0.0,continuous,1800000000000,Cancelled,Hydro,NI
TRUS9488ASB,2013-12-13 05:04:00,2013-12-12 07:30:00,2013-12-12 17:00:00,1.0,ASB_STN,ASB,Trustpower,0.0,continuous,34200000000000,Cancelled,Hydro,SI
TRUS9491TGA,2013-11-29 12:01:00,2014-02-27 07:00:00,2014-02-28 16:30:00,7.0,TGA_STN,TGA,Trustpower,0.0,continuous,120600000000000,Tentative,Hydro,NI
TRUS9497COB,2013-12-13 12:01:00,2013-12-13 06:00:00,2013-12-13 09:30:00,8.0,COB_STN,COB,Trustpower,0.0,continuous,12600000000000,Cancelled,Hydro,SI
TRUS9498COB,2013-12-13 12:01:00,2013-12-13 06:30:00,2013-12-13 10:00:00,8.0,COB_STN,COB,Trustpower,0.0,continuous,12600000000000,Cancelled,Hydro,SI
TRUS9502ROT,2013-12-08 12:01:00,2013-12-07 23:30:00,2013-12-08 01:30:00,11.0,ROT_STN,ROT,Trustpower,0.0,continuous,7200000000000,Cancelled,Hydro,NI
TRUS9503ROT,2013-12-15 12:01:00,2013-12-14 23:30:00,2013-12-15 01:30:00,11.0,ROT_STN,ROT,Trustpower,0.0,continuous,7200000000000,Cancelled,Hydro,NI
TRUS9504ROT,2013-12-22 12:01:00,2013-12-21 23:30:00,2013-12-22 01:30:00,11.0,ROT_STN,ROT,Trustpower,0.0,continuous,7200000000000,Cancelled,Hydro,NI
TRUS9505ROT,2013-12-29 05:04:00,2013-12-28 23:30:00,2013-12-29 01:30:00,11.0,ROT_STN,ROT,Trustpower,0.0,continuous,7200000000000,Cancelled,Hydro,NI
TRUS9506ROT,2014-01-05 12:01:00,2014-01-04 23:30:00,2014-01-05 01:30:00,11.0,ROT_STN,ROT,Trustpower,0.0,continuous,7200000000000,Cancelled,Hydro,NI
TRUS9507ROT,2014-01-12 05:04:00,2014-01-11 23:30:00,2014-01-12 01:30:00,11.0,ROT_STN,ROT,Trustpower,0.0,continuous,7200000000000,Cancelled,Hydro,NI
TRUS9508ROT,2014-01-19 05:04:00,2014-01-18 23:30:00,2014-01-19 01:30:00,11.0,ROT_STN,ROT,Trustpower,0.0,continuous,7200000000000,Cancelled,Hydro,NI
TRUS9509ROT,2014-01-26 12:01:00,2014-01-25 23:30:00,2014-01-26 01:30:00,11.0,ROT_STN,ROT,Trustpower,0.0,continuous,7200000000000,Cancelled,Hydro,NI
TRUS9511ROT,2014-02-09 05:04:00,2014-02-08 23:30:00,2014-02-09 01:30:00,11.0,ROT_STN,ROT,Trustpower,0.0,continuous,7200000000000,Cancelled,Hydro,NI
TRUS9512ROT,2013-11-29 05:04:00,2014-02-15 23:30:00,2014-02-16 01:30:00,11.0,ROT_STN,ROT,Trustpower,0.0,continuous,7200000000000,Tentative,Hydro,NI
TRUS9513ROT,2013-11-29 05:04:00,2014-02-22 23:30:00,2014-02-23 01:30:00,11.0,ROT_STN,ROT,Trustpower,0.0,continuous,7200000000000,Tentative,Hydro,NI
TRUS9514ROT,2013-11-29 05:04:00,2014-03-01 23:30:00,2014-03-02 01:30:00,11.0,ROT_STN,ROT,Trustpower,0.0,continuous,7200000000000,Tentative,Hydro,NI
TRUS9515ROT,2013-11-29 05:04:00,2014-03-08 23:30:00,2014-03-09 01:30:00,11.0,ROT_STN,ROT,Trustpower,0.0,continuous,7200000000000,Tentative,Hydro,NI
TRUS9516ROT,2013-11-29 05:04:00,2014-03-15 23:30:00,2014-03-16 01:30:00,11.0,ROT_STN,ROT,Trustpower,0.0,continuous,7200000000000,Tentative,Hydro,NI
TRUS9517ROT,2013-11-29 05:04:00,2014-03-22 23:30:00,2014-03-23 01:30:00,11.0,ROT_STN,ROT,Trustpower,0.0,continuous,7200000000000,Tentative,Hydro,NI
TRUS9518ROT,2013-11-29 05:04:00,2014-03-29 23:30:00,2014-03-30 01:30:00,11.0,ROT_STN,ROT,Trustpower,0.0,continuous,7200000000000,Tentative,Hydro,NI
TRUS9519ROT,2013-11-29 05:04:00,2014-04-05 23:30:00,2014-04-06 01:30:00,11.0,ROT_STN,ROT,Trustpower,0.0,continuous,7200000000000,Tentative,Hydro,NI
TRUS9520ROT,2013-11-29 05:04:00,2014-04-12 23:30:00,2014-04-13 01:30:00,11.0,ROT_STN,ROT,Trustpower,0.0,continuous,7200000000000,Tentative,Hydro,NI
TRUS9521ROT,2013-11-29 05:04:00,2014-04-19 23:30:00,2014-04-20 01:30:00,11.0,ROT_STN,ROT,Trustpower,0.0,continuous,7200000000000,Tentative,Hydro,NI
TRUS9522ROT,2013-11-29 05:04:00,2014-04-26 23:30:00,2014-04-27 01:30:00,11.0,ROT_STN,ROT,Trustpower,0.0,continuous,7200000000000,Tentative,Hydro,NI
TRUS9523ROT,2013-11-29 05:04:00,2014-05-03 23:30:00,2014-05-04 01:30:00,11.0,ROT_STN,ROT,Trustpower,0.0,continuous,7200000000000,Tentative,Hydro,NI
TRUS9524ROT,2013-11-29 05:04:00,2014-05-10 23:30:00,2014-05-11 01:30:00,11.0,ROT_STN,ROT,Trustpower,0.0,continuous,7200000000000,Tentative,Hydro,NI
TRUS9525ROT,2013-11-29 05:04:00,2014-05-17 23:30:00,2014-05-18 01:30:00,11.0,ROT_STN,ROT,Trustpower,0.0,continuous,7200000000000,Tentative,Hydro,NI
TRUS9526ROT,2013-11-29 05:04:00,2014-05-24 23:30:00,2014-05-25 01:30:00,11.0,ROT_STN,ROT,Trustpower,0.0,continuous,7200000000000,Tentative,Hydro,NI
TRUS9527ROT,2013-11-29 05:04:00,2014-05-31 23:30:00,2014-06-01 01:30:00,11.0,ROT_STN,ROT,Trustpower,0.0,continuous,7200000000000,Tentative,Hydro,NI
TRUS9528ROT,2013-11-29 05:04:00,2014-06-07 23:30:00,2014-06-08 01:30:00,11.0,ROT_STN,ROT,Trustpower,0.0,continuous,7200000000000,Tentative,Hydro,NI
TRUS9529ROT,2013-11-29 05:04:00,2014-06-14 23:30:00,2014-06-15 01:30:00,11.0,ROT_STN,ROT,Trustpower,0.0,continuous,7200000000000,Tentative,Hydro,NI
TRUS9530ROT,2013-11-29 05:04:00,2014-06-21 23:30:00,2014-06-22 01:30:00,11.0,ROT_STN,ROT,Trustpower,0.0,continuous,7200000000000,Tentative,Hydro,NI
TRUS9531ROT,2013-11-29 05:04:00,2014-06-28 23:30:00,2014-06-29 01:30:00,11.0,ROT_STN,ROT,Trustpower,0.0,continuous,7200000000000,Tentative,Hydro,NI
TRUS9565MAT,2013-12-10 05:04:00,2013-12-09 08:00:00,2013-12-09 17:00:00,80.0,MAT_STN,MAT,Trustpower,0.0,continuous,32400000000000,Cancelled,Hydro,NI
TRUS9566MAT,2013-12-11 05:04:00,2013-12-10 08:00:00,2013-12-10 17:00:00,80.0,MAT_STN,MAT,Trustpower,0.0,continuous,32400000000000,Cancelled,Hydro,NI
TRUS9568HWA,2013-12-19 05:04:00,2013-12-18 06:00:00,2013-12-18 10:30:00,7.0,HWA_STN,HWA,Trustpower,0.0,continuous,16200000000000,Cancelled,Hydro,NI
TRUS9569COL,2014-01-31 05:04:00,2014-01-22 08:00:00,2014-01-31 16:30:00,12.0,COL_STN,COL,Trustpower,0.0,continuous,808200000000000,Cancelled,Hydro,SI
TRUS9573HKK,2013-12-25 05:04:00,2013-12-06 12:00:00,2013-12-27 16:00:00,1.0,HKK_STN,HKK,Trustpower,0.0,continuous,1828800000000000,Cancelled,Hydro,SI
TRUS9574COB,2013-12-10 05:04:00,2013-12-09 09:30:00,2013-12-09 16:00:00,10.0,COB_STN,COB,Trustpower,0.0,continuous,23400000000000,Cancelled,Hydro,SI
TRUS9575COB,2013-12-17 05:04:00,2013-12-16 08:30:00,2013-12-16 15:00:00,3.0,COB_STN,COB,Trustpower,0.0,continuous,23400000000000,Cancelled,Hydro,SI
TRUS9576COB,2013-12-18 05:04:00,2013-12-17 08:30:00,2013-12-17 16:00:00,10.0,COB_STN,COB,Trustpower,0.0,continuous,27000000000000,Cancelled,Hydro,SI
TRUS9577COB,2013-12-19 05:04:00,2013-12-18 08:30:00,2013-12-18 15:00:00,3.0,COB_STN,COB,Trustpower,0.0,continuous,23400000000000,Cancelled,Hydro,SI
TRUS9579DOB,2013-12-19 05:04:00,2013-12-18 08:00:00,2013-12-18 12:00:00,1.0,DOB_STN,DOB,Trustpower,0.0,continuous,14400000000000,Cancelled,Hydro,SI
TRUS9580DOB,2013-12-19 05:04:00,2013-12-18 12:00:00,2013-12-18 16:30:00,1.0,DOB_STN,DOB,Trustpower,0.0,continuous,16200000000000,Cancelled,Hydro,SI
TRUS9581ASB,2013-12-13 05:04:00,2013-12-12 10:00:00,2013-12-12 12:00:00,25.0,ASB_STN,ASB,Trustpower,0.0,continuous,7200000000000,Cancelled,Hydro,SI
TRUS9586HWB,2014-01-16 05:04:00,2014-01-14 09:00:00,2014-01-15 16:00:00,15.0,HWB_STN,HWB,Trustpower,0.0,continuous,111600000000000,Cancelled,Wind,SI
TRUS9587HWB,2013-12-19 05:04:00,2013-12-18 09:00:00,2013-12-18 16:00:00,15.0,HWB_STN,HWB,Trustpower,0.0,continuous,25200000000000,Cancelled,Wind,SI
TRUS9589HWB,2014-01-22 05:04:00,2014-01-21 09:00:00,2014-01-21 16:00:00,25.0,HWB_STN,HWB,Trustpower,0.0,continuous,25200000000000,Cancelled,Wind,SI
TRUS9590COL,2013-12-17 05:04:00,2013-12-16 12:00:00,2013-12-16 16:30:00,12.0,COL_STN,COL,Trustpower,0.0,continuous,16200000000000,Cancelled,Hydro,SI
TRUS9591COL,2013-12-20 05:04:00,2013-12-19 12:00:00,2013-12-19 16:30:00,12.0,COL_STN,COL,Trustpower,0.0,continuous,16200000000000,Cancelled,Hydro,SI
TRUS9595HUI,2013-12-20 05:04:00,2013-12-19 21:00:00,2013-12-19 21:30:00,5.0,HUI_STN,HUI,Trustpower,0.0,continuous,1800000000000,Cancelled,Hydro,NI
TRUS9596COB,2013-12-20 05:04:00,2013-12-19 08:00:00,2013-12-19 16:00:00,10.0,COB_STN,COB,Trustpower,0.0,continuous,28800000000000,Cancelled,Hydro,SI
TRUS9597COB,2013-12-21 05:04:00,2013-12-20 08:00:00,2013-12-20 16:00:00,10.0,COB_STN,COB,Trustpower,0.0,continuous,28800000000000,Cancelled,Hydro,SI
TRUS9609BWK,2014-01-07 05:04:00,2014-02-19 12:30:00,2014-02-19 15:00:00,56.0,BWK_STN,BWK,Trustpower,0.0,continuous,9000000000000,Tentative,Hydro,SI
TRUS9610MAT,2014-01-01 05:04:00,2013-12-30 08:00:00,2013-12-31 17:00:00,40.0,MAT_STN,MAT,Trustpower,0.0,continuous,118800000000000,Cancelled,Hydro,NI
TRUS9613ARG,2014-01-07 05:04:00,2014-01-06 07:30:00,2014-01-06 16:00:00,11.0,ARG_STN,ARG,Trustpower,0.0,continuous,30600000000000,Cancelled,Hydro,SI
TRUS9615BPE,2014-02-02 05:04:00,2014-02-01 08:00:00,2014-02-01 18:00:00,14.0,BPE_STN,BPE,Trustpower,0.0,continuous,36000000000000,Cancelled,Wind,NI
TRUS9618BPE,2014-01-10 12:01:00,2014-01-08 07:00:00,2014-01-09 18:00:00,10.0,BPE_STN,BPE,Trustpower,0.0,continuous,126000000000000,Cancelled,Wind,NI
TRUS9625COL,2014-01-17 05:04:00,2014-01-16 08:00:00,2014-01-16 12:00:00,3.0,COL_STN,COL,Trustpower,0.0,continuous,14400000000000,Cancelled,Hydro,SI
TRUS9626COL,2014-01-17 05:04:00,2014-01-16 12:00:00,2014-01-16 16:00:00,3.0,COL_STN,COL,Trustpower,0.0,continuous,14400000000000,Cancelled,Hydro,SI
TRUS9627BPE,2014-01-25 05:04:00,2014-01-23 06:00:00,2014-01-24 14:00:00,6.0,BPE_STN,BPE,Trustpower,0.0,continuous,115200000000000,Cancelled,Wind,NI
TRUS9631NSY,2014-01-15 05:04:00,2014-01-14 09:30:00,2014-01-14 15:00:00,1.0,NSY_STN,NSY,Trustpower,0.0,continuous,19800000000000,Cancelled,Hydro,SI
TRUS9642COB,2014-01-16 05:04:00,2014-02-17 08:00:00,2014-04-11 16:00:00,3.0,COB_STN,COB,Trustpower,0.0,continuous,4608000000000000,Tentative,Hydro,SI
TRUS9643COB,2014-01-16 05:04:00,2014-02-17 08:00:00,2014-02-18 16:00:00,3.0,COB_STN,COB,Trustpower,0.0,continuous,115200000000000,Tentative,Hydro,SI
TRUS9644COB,2014-01-16 05:04:00,2014-03-31 08:00:00,2014-04-04 16:00:00,3.0,COB_STN,COB,Trustpower,0.0,continuous,374400000000000,Tentative,Hydro,SI
TRUS9649KUM,2014-01-25 05:04:00,2014-01-24 09:00:00,2014-01-24 15:00:00,9.0,KUM_STN,KUM,Trustpower,0.0,continuous,21600000000000,Cancelled,Hydro,SI
TRUS9652COB,2014-02-01 05:04:00,2014-01-31 10:00:00,2014-01-31 16:00:00,10.0,COB_STN,COB,Trustpower,0.0,continuous,21600000000000,Cancelled,Hydro,SI
TRUS9655BPE,2014-01-22 05:04:00,2014-02-18 09:30:00,2014-02-18 13:00:00,33.0,BPE_STN,BPE,Trustpower,0.0,continuous,12600000000000,Tentative,Wind,NI
TRUS9659COB,2014-01-27 05:04:00,2014-02-11 08:30:00,2014-02-11 15:00:00,3.0,COB_STN,COB,Trustpower,0.0,continuous,23400000000000,Tentative,Hydro,SI
TRUS9660COB,2014-01-27 05:04:00,2014-02-12 08:30:00,2014-02-12 15:00:00,10.0,COB_STN,COB,Trustpower,0.0,continuous,23400000000000,Tentative,Hydro,SI
TRUS9667COL,2014-01-25 05:04:00,2014-01-24 14:00:00,2014-01-24 14:30:00,6.0,COL_STN,COL,Trustpower,0.0,continuous,1800000000000,Cancelled,Hydro,SI
TRUS9675BRB,2014-02-06 05:04:00,2014-03-19 08:00:00,2014-03-27 17:00:00,9.0,BRB_STN,BRB,Trustpower,0.0,continuous,723600000000000,Tentative,Thermal,NI
TRUS9676BWK,2014-02-05 05:04:00,2014-02-12 12:30:00,2014-02-12 16:00:00,8.0,BWK_STN,BWK,Trustpower,0.0,continuous,12600000000000,Tentative,Hydro,SI
TRUS9677BWK,2014-02-05 05:04:00,2014-02-18 12:30:00,2014-02-18 16:00:00,7.0,BWK_STN,BWK,Trustpower,0.0,continuous,12600000000000,Tentative,Hydro,SI
TRUS9678WRK,2014-02-06 05:04:00,2014-02-11 09:00:00,2014-02-12 18:00:00,1.0,WRK_STN,WRK,Trustpower,0.0,continuous,118800000000000,Tentative,Geothermal,NI
TRUS9679WRK,2014-02-06 05:04:00,2014-02-13 09:00:00,2014-02-14 18:00:00,1.0,WRK_STN,WRK,Trustpower,0.0,continuous,118800000000000,Tentative,Geothermal,NI
TRUS9680WRK,2014-02-06 05:04:00,2014-02-25 09:00:00,2014-02-27 18:00:00,2.0,WRK_STN,WRK,Trustpower,0.0,continuous,205200000000000,Tentative,Geothermal,NI
TRUS9681WRK,2014-02-06 05:04:00,2014-03-15 06:00:00,2014-03-21 18:00:00,24.0,WRK_STN,WRK,Trustpower,0.0,continuous,561600000000000,Tentative,Geothermal,NI
